-- phpMyAdmin SQL Dump
-- version 4.8.0.1
-- https://www.phpmyadmin.net/
--
-- Host: 127.0.0.1
-- Waktu pembuatan: 02 Mar 2019 pada 01.50
-- Versi server: 10.1.32-MariaDB
-- Versi PHP: 7.2.5

SET SQL_MODE = "NO_AUTO_VALUE_ON_ZERO";
SET AUTOCOMMIT = 0;
START TRANSACTION;
SET time_zone = "+00:00";


/*!40101 SET @OLD_CHARACTER_SET_CLIENT=@@CHARACTER_SET_CLIENT */;
/*!40101 SET @OLD_CHARACTER_SET_RESULTS=@@CHARACTER_SET_RESULTS */;
/*!40101 SET @OLD_COLLATION_CONNECTION=@@COLLATION_CONNECTION */;
/*!40101 SET NAMES utf8mb4 */;

--
-- Database: `k4991560_neo`
--

-- --------------------------------------------------------

--
-- Struktur dari tabel `mainmenu`
--

CREATE TABLE `mainmenu` (
  `seq` int(11) NOT NULL,
  `idmenu` int(11) NOT NULL,
  `nama_menu` varchar(50) NOT NULL,
  `active_menu` varchar(50) NOT NULL,
  `icon_class` varchar(50) NOT NULL,
  `link_menu` varchar(50) NOT NULL,
  `menu_akses` varchar(12) NOT NULL,
  `entry_date` timestamp NULL DEFAULT CURRENT_TIMESTAMP ON UPDATE CURRENT_TIMESTAMP,
  `entry_user` varchar(50) DEFAULT NULL
) ENGINE=MyISAM DEFAULT CHARSET=latin1;

--
-- Dumping data untuk tabel `mainmenu`
--

INSERT INTO `mainmenu` (`seq`, `idmenu`, `nama_menu`, `active_menu`, `icon_class`, `link_menu`, `menu_akses`, `entry_date`, `entry_user`) VALUES
(1, 1, 'About', '', 'menu-icon fa fa-question', 'About', '', '2019-01-10 01:37:11', NULL),
(2, 2, 'Master', '', 'menu-icon fa fa-file', '#', '', '2019-01-10 01:37:11', NULL),
(3, 3, 'Kas Baznas', '', 'menu-icon fa fa-money', '#', '', '2019-01-10 01:38:58', NULL),
(4, 4, 'Mutasi Uang', '', 'menu-icon fa fa-arrow-right', 'Mutasi_uang', '', '2019-01-10 01:38:58', NULL),
(5, 5, 'Laporan', '', 'menu-icon fa fa-book', '#', '', '2019-01-10 01:39:46', NULL),
(6, 6, 'Setting', '', 'menu-icon fa fa-gear', 'Setting', '', '2019-01-10 01:39:46', NULL),
(7, 7, 'Import', '', 'menu-icon fa fa-file', '#', '', '2019-01-16 05:58:08', NULL);

-- --------------------------------------------------------

--
-- Struktur dari tabel `submenu`
--

CREATE TABLE `submenu` (
  `id_sub` int(11) NOT NULL,
  `nama_sub` varchar(50) NOT NULL,
  `mainmenu_idmenu` int(11) NOT NULL,
  `active_sub` varchar(20) NOT NULL,
  `icon_class` varchar(100) NOT NULL,
  `link_sub` varchar(50) NOT NULL,
  `sub_akses` varchar(12) NOT NULL,
  `entry_date` timestamp NOT NULL DEFAULT CURRENT_TIMESTAMP ON UPDATE CURRENT_TIMESTAMP,
  `entry_user` varchar(20) DEFAULT NULL
) ENGINE=MyISAM DEFAULT CHARSET=latin1;

--
-- Dumping data untuk tabel `submenu`
--

INSERT INTO `submenu` (`id_sub`, `nama_sub`, `mainmenu_idmenu`, `active_sub`, `icon_class`, `link_sub`, `sub_akses`, `entry_date`, `entry_user`) VALUES
(1, 'User', 2, '', '', 'User', '', '2019-01-10 01:50:43', NULL),
(2, 'Tempat ZIS', 2, '', '', 'Zis', '', '2019-01-10 01:50:47', NULL),
(3, 'Infaq', 2, '', '', 'Infaq', '', '2019-01-10 01:50:52', NULL),
(4, 'Zakat Fitrah', 2, '', '', 'Zakat_fitrah', '', '2019-01-10 01:50:56', NULL),
(5, 'Zakat Maal', 2, '', '', 'Zakat_maal', '', '2019-01-10 01:50:59', NULL),
(6, 'Kas Keluar', 3, '', '', 'Kas_keluar', '', '2019-01-10 01:51:03', NULL),
(7, 'Kas Masuk', 3, '', '', 'Kas_masuk', '', '2019-01-10 01:51:06', NULL),
(8, 'Laporan Infaq', 5, '', '', 'Laporan_infaq', '', '2019-01-10 01:46:55', NULL),
(9, 'Laporan Zakat Fitrah', 5, '', '', 'Laporan_zakat_fitrah', '', '2019-01-10 01:46:55', NULL),
(10, 'Laporan Zakat Maal', 5, '', '', 'Laporan_zakat_maal', '', '2019-01-10 01:47:11', NULL),
(11, 'Import Infaq', 7, '', '', 'Import_infaq', '', '2019-01-19 05:23:24', NULL),
(12, 'Import Zakat Fitrah', 7, '', '', 'Import_fitrah', '', '2019-01-19 05:23:24', NULL),
(13, 'Import Zakat Maal', 7, '', '', 'Import_maal', '', '2019-01-19 05:23:56', NULL);

-- --------------------------------------------------------

--
-- Struktur dari tabel `tab_akses_mainmenu`
--

CREATE TABLE `tab_akses_mainmenu` (
  `id` int(11) NOT NULL,
  `id_menu` int(11) NOT NULL,
  `id_level` int(11) NOT NULL,
  `c` int(11) DEFAULT '0',
  `r` int(11) DEFAULT '0',
  `u` int(11) DEFAULT '0',
  `d` int(11) DEFAULT '0',
  `entry_date` timestamp NOT NULL DEFAULT CURRENT_TIMESTAMP ON UPDATE CURRENT_TIMESTAMP,
  `entry_user` varchar(50) NOT NULL
) ENGINE=MyISAM DEFAULT CHARSET=latin1;

--
-- Dumping data untuk tabel `tab_akses_mainmenu`
--

INSERT INTO `tab_akses_mainmenu` (`id`, `id_menu`, `id_level`, `c`, `r`, `u`, `d`, `entry_date`, `entry_user`) VALUES
(1, 1, 1, 0, 1, 0, 0, '2019-01-10 01:40:21', ''),
(2, 2, 1, 0, 1, 0, 0, '2019-01-10 01:40:21', ''),
(3, 3, 1, 0, 1, 0, 0, '2019-01-10 01:40:48', ''),
(4, 4, 1, 0, 1, 0, 0, '2019-01-10 01:40:48', ''),
(5, 5, 1, 0, 1, 0, 0, '2019-01-10 01:41:09', ''),
(6, 6, 1, 0, 1, 0, 0, '2019-01-10 01:41:09', ''),
(7, 5, 3, 0, 1, 0, 0, '2019-01-10 03:47:40', ''),
(8, 7, 1, 0, 1, 0, 0, '2019-01-16 05:59:04', '');

-- --------------------------------------------------------

--
-- Struktur dari tabel `tab_akses_submenu`
--

CREATE TABLE `tab_akses_submenu` (
  `id` int(11) NOT NULL,
  `id_sub_menu` int(11) NOT NULL,
  `id_level` int(11) NOT NULL,
  `c` int(11) DEFAULT '0',
  `r` int(11) DEFAULT '0',
  `u` int(11) DEFAULT '0',
  `d` int(11) DEFAULT '0',
  `entry_date` timestamp NOT NULL DEFAULT CURRENT_TIMESTAMP ON UPDATE CURRENT_TIMESTAMP,
  `entry_user` varchar(30) NOT NULL
) ENGINE=MyISAM DEFAULT CHARSET=latin1;

--
-- Dumping data untuk tabel `tab_akses_submenu`
--

INSERT INTO `tab_akses_submenu` (`id`, `id_sub_menu`, `id_level`, `c`, `r`, `u`, `d`, `entry_date`, `entry_user`) VALUES
(1, 1, 1, 0, 1, 0, 0, '2019-01-10 01:47:45', ''),
(2, 2, 1, 0, 1, 0, 0, '2019-01-10 01:47:45', ''),
(3, 3, 1, 0, 1, 0, 0, '2019-01-10 01:48:02', ''),
(4, 4, 1, 0, 1, 0, 0, '2019-01-10 01:48:02', ''),
(5, 5, 1, 0, 1, 0, 0, '2019-01-10 01:48:41', ''),
(6, 6, 1, 0, 1, 0, 0, '2019-01-10 01:48:41', ''),
(7, 7, 1, 0, 1, 0, 0, '2019-01-10 01:48:56', ''),
(8, 8, 1, 0, 1, 0, 0, '2019-01-10 01:48:56', ''),
(9, 9, 1, 0, 1, 0, 0, '2019-01-10 01:49:26', ''),
(10, 10, 1, 0, 1, 0, 0, '2019-01-10 01:49:26', ''),
(11, 8, 3, 0, 1, 0, 0, '2019-01-10 03:48:07', ''),
(12, 9, 3, 0, 1, 0, 0, '2019-01-10 03:48:07', ''),
(13, 10, 3, 0, 1, 0, 0, '2019-01-10 03:48:38', ''),
(14, 11, 1, 0, 1, 0, 0, '2019-01-19 05:24:29', ''),
(15, 12, 1, 0, 1, 0, 0, '2019-01-19 05:24:29', ''),
(16, 13, 1, 0, 1, 0, 0, '2019-01-19 05:24:38', '');

-- --------------------------------------------------------

--
-- Struktur dari tabel `tb_about`
--

CREATE TABLE `tb_about` (
  `id_about` int(11) NOT NULL,
  `about_logo` varchar(30) CHARACTER SET latin1 COLLATE latin1_general_ci DEFAULT NULL,
  `about_deskripsi` text CHARACTER SET latin1 COLLATE latin1_general_ci,
  `id_admin` int(11) DEFAULT NULL,
  `nama_bank` varchar(50) NOT NULL,
  `nomor_rekening` varchar(20) NOT NULL,
  `atas_nama` varchar(50) NOT NULL,
  `terakhir_diperbarui` timestamp NOT NULL DEFAULT CURRENT_TIMESTAMP ON UPDATE CURRENT_TIMESTAMP
) ENGINE=InnoDB DEFAULT CHARSET=latin1;

--
-- Dumping data untuk tabel `tb_about`
--

INSERT INTO `tb_about` (`id_about`, `about_logo`, `about_deskripsi`, `id_admin`, `nama_bank`, `nomor_rekening`, `atas_nama`, `terakhir_diperbarui`) VALUES
(1, '676.jpg', '<p>Baznas</p>', 9, 'BCA', '0012920', 'Baznas', '2019-01-24 01:50:00');

-- --------------------------------------------------------

--
-- Struktur dari tabel `tb_infaq`
--

CREATE TABLE `tb_infaq` (
  `id_infaq` varchar(34) NOT NULL,
  `nama_pengirim` varchar(50) NOT NULL,
  `telp_pengirim` varchar(20) NOT NULL,
  `bank_pengirim` varchar(50) NOT NULL,
  `pemilik_rekening` varchar(50) NOT NULL,
  `norek_pengirim` varchar(20) NOT NULL,
  `jumlah_infaq` double NOT NULL,
  `tanggal_infaq` datetime NOT NULL,
  `bukti_infaq` text NOT NULL,
  `status_infaq` enum('Menunggu Konfirmasi','Valid','Tidak Valid') NOT NULL DEFAULT 'Menunggu Konfirmasi',
  `status_uang` enum('Kas Baznas','Sudah Terdistribusi') NOT NULL DEFAULT 'Kas Baznas',
  `diperbarui_oleh` int(11) DEFAULT '1',
  `terakhir_diperbarui` timestamp NULL DEFAULT CURRENT_TIMESTAMP ON UPDATE CURRENT_TIMESTAMP,
  `id_zis` varchar(34) NOT NULL
) ENGINE=InnoDB DEFAULT CHARSET=latin1;

--
-- Dumping data untuk tabel `tb_infaq`
--

INSERT INTO `tb_infaq` (`id_infaq`, `nama_pengirim`, `telp_pengirim`, `bank_pengirim`, `pemilik_rekening`, `norek_pengirim`, `jumlah_infaq`, `tanggal_infaq`, `bukti_infaq`, `status_infaq`, `status_uang`, `diperbarui_oleh`, `terakhir_diperbarui`, `id_zis`) VALUES
('t272d3d31a7745524a7aa20d404701365c', 'Nirwan', '07848743874', 'BCA', 'Firdaus', '00989829832', 100000, '2019-01-10 10:30:00', '', 'Valid', 'Sudah Terdistribusi', 1, '2019-01-31 06:31:32', 't1b73ba9f511bf2129f82cb2b9438812e2'),
('t2d5c590a278c809b4adcbae8ee01d319c', 'Fuad', '085707236937', 'BRI', 'Hadi', '086575577676', 5000000, '2019-01-28 08:45:00', 'i210329143aaec703afd2969e8d6376675.jpg', 'Valid', 'Kas Baznas', 1, '2019-01-31 06:24:13', 't1b73ba9f511bf2129f82cb2b9438812e2');

-- --------------------------------------------------------

--
-- Struktur dari tabel `tb_kasbas`
--

CREATE TABLE `tb_kasbas` (
  `id_kasbas` bigint(20) NOT NULL,
  `tanggal_kasbas` timestamp NOT NULL DEFAULT CURRENT_TIMESTAMP ON UPDATE CURRENT_TIMESTAMP,
  `total_kasbas` double NOT NULL
) ENGINE=InnoDB DEFAULT CHARSET=latin1;

--
-- Dumping data untuk tabel `tb_kasbas`
--

INSERT INTO `tb_kasbas` (`id_kasbas`, `tanggal_kasbas`, `total_kasbas`) VALUES
(1, '2019-01-31 03:43:21', 5000000),
(6, '2019-01-31 06:02:55', 0),
(7, '2019-01-31 06:19:21', 100000);

-- --------------------------------------------------------

--
-- Struktur dari tabel `tb_kaskel`
--

CREATE TABLE `tb_kaskel` (
  `id_kaskel` bigint(20) NOT NULL,
  `tanggal_kaskel` datetime NOT NULL,
  `keperluan_kaskel` text NOT NULL,
  `id_zis` varchar(34) NOT NULL,
  `jumlah_kaskel` double NOT NULL,
  `dibuat_oleh` int(11) NOT NULL,
  `terakhir_diperbarui` timestamp NOT NULL DEFAULT CURRENT_TIMESTAMP ON UPDATE CURRENT_TIMESTAMP
) ENGINE=InnoDB DEFAULT CHARSET=latin1;

--
-- Dumping data untuk tabel `tb_kaskel`
--

INSERT INTO `tb_kaskel` (`id_kaskel`, `tanggal_kaskel`, `keperluan_kaskel`, `id_zis`, `jumlah_kaskel`, `dibuat_oleh`, `terakhir_diperbarui`) VALUES
(1, '2019-01-31 10:55:55', 'Mutasi sebesar Rp. 5.000.000', 't1b73ba9f511bf2129f82cb2b9438812e2', 5000000, 1, '2019-01-31 03:55:55'),
(3, '2019-01-31 13:00:23', 'Mutasi sebesar Rp. 5,000,000', 't1b73ba9f511bf2129f82cb2b9438812e2', 5000000, 1, '2019-01-31 06:00:23');

-- --------------------------------------------------------

--
-- Struktur dari tabel `tb_kasmas`
--

CREATE TABLE `tb_kasmas` (
  `id_kasmas` bigint(20) NOT NULL,
  `tanggal_kasmas` timestamp NOT NULL DEFAULT CURRENT_TIMESTAMP ON UPDATE CURRENT_TIMESTAMP,
  `asal_kasmas` enum('Infaq','Zakat Fitrah','Zakat Maal') NOT NULL,
  `id_asal` varchar(34) NOT NULL,
  `jumlah_kasmas` double NOT NULL
) ENGINE=InnoDB DEFAULT CHARSET=latin1;

--
-- Dumping data untuk tabel `tb_kasmas`
--

INSERT INTO `tb_kasmas` (`id_kasmas`, `tanggal_kasmas`, `asal_kasmas`, `id_asal`, `jumlah_kasmas`) VALUES
(1, '2019-01-31 03:43:21', 'Infaq', 't2d5c590a278c809b4adcbae8ee01d319c', 5000000),
(2, '2019-01-31 06:19:21', 'Infaq', 't272d3d31a7745524a7aa20d404701365c', 100000);

-- --------------------------------------------------------

--
-- Struktur dari tabel `tb_setting`
--

CREATE TABLE `tb_setting` (
  `id_setting` bigint(20) NOT NULL,
  `tahun` int(11) NOT NULL,
  `meta_key` varchar(50) NOT NULL,
  `meta_value` text NOT NULL
) ENGINE=InnoDB DEFAULT CHARSET=latin1;

--
-- Dumping data untuk tabel `tb_setting`
--

INSERT INTO `tb_setting` (`id_setting`, `tahun`, `meta_key`, `meta_value`) VALUES
(1, 2019, 'nominal_zakat_fitrah', '30000');

-- --------------------------------------------------------

--
-- Struktur dari tabel `tb_zakat_fitrah`
--

CREATE TABLE `tb_zakat_fitrah` (
  `id_zakat_fitrah` varchar(34) NOT NULL,
  `nama_pengirim` varchar(50) NOT NULL,
  `telp_pengirim` varchar(20) NOT NULL,
  `bank_pengirim` varchar(50) NOT NULL,
  `pemilik_rekening` varchar(50) NOT NULL,
  `norek_pengirim` varchar(20) NOT NULL,
  `jumlah_orang` int(11) NOT NULL,
  `harga_zakat` double NOT NULL,
  `total_zakat` double NOT NULL,
  `tanggal_zakat` datetime NOT NULL,
  `bukti_zakat` text NOT NULL,
  `status_zakat` enum('Menunggu Konfirmasi','Valid','Tidak Valid') NOT NULL DEFAULT 'Menunggu Konfirmasi',
  `status_uang_zakat` enum('Kas Baznas','Sudah Terdistribusi') NOT NULL DEFAULT 'Kas Baznas',
  `diperbarui_oleh` int(11) DEFAULT '1',
  `terakhir_diperbarui` timestamp NOT NULL DEFAULT CURRENT_TIMESTAMP ON UPDATE CURRENT_TIMESTAMP,
  `id_zis` varchar(34) NOT NULL
) ENGINE=InnoDB DEFAULT CHARSET=latin1;

--
-- Dumping data untuk tabel `tb_zakat_fitrah`
--

INSERT INTO `tb_zakat_fitrah` (`id_zakat_fitrah`, `nama_pengirim`, `telp_pengirim`, `bank_pengirim`, `pemilik_rekening`, `norek_pengirim`, `jumlah_orang`, `harga_zakat`, `total_zakat`, `tanggal_zakat`, `bukti_zakat`, `status_zakat`, `status_uang_zakat`, `diperbarui_oleh`, `terakhir_diperbarui`, `id_zis`) VALUES
('t38c19cdd7548ec70b9eaea4fabd6d32a6', 'Suptini', '0895124346794', 'BRI', 'Suptini', '001243497', 2, 30000, 60000, '2019-01-28 08:51:32', '/9j/4AAQSkZJRgABAQAAAQABAAD/2wBDABQODxIPDRQSEBIXFRQYHjIhHhwcHj0sLiQySUBMS0dA\nRkVQWnNiUFVtVkVGZIhlbXd7gYKBTmCNl4x9lnN+gXz/2wBDARUXFx4aHjshITt8U0ZTfHx8fHx8\nfHx8fHx8fHx8fHx8fHx8fHx8fHx8fHx8fHx8fHx8fHx8fHx8fHx8fHx8fHz/wAARCASvAtADASIA\nAhEBAxEB/8QAGwAAAgMBAQEAAAAAAAAAAAAAAAECAwQFBgf/xAA6EAACAgEEAQMDAgUDBAICAgMA\nAQIRAwQhMUESIlFhBRNxMoEjQpGhsQYUwVJi0fAz4XLxJERjgrL/xAAYAQEBAQEBAAAAAAAAAAAA\nAAAAAQIDBP/EAB0RAQEBAQEBAQEBAQAAAAAAAAABEQIhMQNBElH/2gAMAwEAAhEDEQA/AODhxVu+\nWaoqiKVOuiyrRvE0Rk0yxTb55Ixqt9gsqG7e/ZFpslV8sj0VQNfkOnsOgE1smx0rsH+QS7CDh7gO\ntrDumAbdi42Q2CCirYcB3THXARGvgfjQ17hwwFVbg2PhhW+4Utm/kGtw7HRBHhjQfCHx+xQnzsH7\njcfkGuwFW1Anap9D+RUEJgyT3oVbgKh7IHdIbQEJfAlyPewoCucPLZmaUfFmu65IZYeW6NRKzWCd\nCae41uaZWwlfPJswY4/rycL+5zk/GRqWRuK32RixqLtRl+7PZUlwitLpm7RYYzi5yQ9dgioKcFz2\nZaYLcWb9PqqVSaj48vtmC7FbX5YF2Wf3JydUm+CEdkRTbRpxaeU1bVIZqXqT6zvf8mvR5/tbc2Zp\nxljk1XYvKnsMaldPLiWacoq/Mz4c8tJqE4P9L5J6TM5tRf6n38EdVibipwTt22TB6zR6mOqwqcXv\n2vYslFJcbnlPpX1CWlzpP9D/AFHrYTjkgpRdpoxZiwovauzH9S0cdVglFr1Lhmn9Ne5PlGVfONbp\npYMsoSVNPgy0/wCh7X699L/3GP7mNetc/J43LB43TVUUV1zZH8E6IdlQcIT/ABuDTv5CwEwBi5Ip\nvYVXuOQIBbAmANUAAwABVsDEMAYRlyCDqwJSjaseLH5PfgUXSJxl4fuRYsk/Ffgqtt0uw3lyT2iq\nXJlovGhNNMmk+eiM2nt2BW9v3CK9wUW5fglVuioS3e/CJSfk6XAm+ooI7ukRpKKcnS4HKahsglJQ\nVIhGLe7ASg5O3wTtR2XI4pydLgsUVFb8kFcYuX6uCTlGCpEcmfpIqfqfqZUTllb/AEkHzbDukh+O\nybYHWolFPl8AltQ/8HpcSkxcj7sErIGLse4J2+Ch1f7iuqGnW4b9hCrcYLncbClWwdfJL8i2CAGq\nQ1yCdhRzsxVtsNIO/gAr+gr4Q12C3AXfyFNj735Dh/kBdv2B8knzwKgF0G463BhCewK2uRvgPYBb\nUOn2JrYfyAqqh1uPrgEgpL+xHeyf7CYERdWSZGqVMqItBW5Ku+hVyEZ8sN20U8bG1q0ZssK3XBqV\nFXwTjKpbcEf2CrLia6mj1SxLx93yXZ83+5XhBUlucnE6NEMkoO0zFjaLtSZK00PHCWWVJbslmxSw\nz8Zc0QRg1GS9jrYpqUU1wcZ2atJqft7Pg3zcc+5qzWYvGXmuGY73+DXPz1N1tGJlyR8ZUuDPX1vj\nc9KM3B2nRqesksailu+W9zJ1TE9uTLSVu7Wx6D6H9R8X9jK/S+G+jhYcEs0qia82FYIxlF7xdP8A\nJLFj2MoJx2Ix9N+xi+kfUFqcSxzf8SK/qdCcfbh8nNUWlNVyeT/1B9K+2/vY16W9/g9ZH0pqtiGf\nDHNicJq4yQV8ykqu+UKuDq/V/p8tJnaS9L4Zy2BFrv2ENioqE0Ie4mAqY6BOuQaIEHI3/YTW5VGw\nux/8gvYgX+Av2HwhdACVgtgAAvcldojXsPggshLrssSSVsotrdFiubu6RmtRJttbEZJR+WSnKtoI\nisfc2FJJik62XLLG3VJEPGv/AMmFJKtuyTksapchtBW+SpXOVhAl5O+i2MXLZcCUbkoosbUFSAal\nHHHdlDlKb+AfrbfQrrZAG0XS3JKLkrFFJbvkbn7AFqJBty4H4t7vgthGMUgOrJ0qXJH49xtWC3Z6\nXAPbYaDtfI2twpcjoONwUq27CHxwJElwLdbBAkPsVDYUA+UJKkD5+QG+Q4dByh1fXACXYr52H2Ot\nyhJD3SHfO3AluiA5D2H8WAUuhN7jDx9+wg/yLodWFoBUl+Q43G0g7+ChW3YWOq3E3uA1wPsQ+SKG\nRl1RKrE1YEXX7kWSq9+wr43KiPWwc8DaoKCE17EJRu090WU3wFgYpwcW+kQqueTbkipxMjVOjcqF\nHYuxzvZ8lK2aHdO+xYa62HJDBjU1TkxanxyQWRO5Pn4MMJeUUT82k0mc8aF1ySxyUZKUlaT4K3b4\nJRS8d+QOnpsuLKnB+mNce5V9QxRclPGtn0v8mK/F7HT0r/3MVxFRSjsFcp2uRt3uXauMVnnGDuKe\nxnTptkHT0eaH2JRpKSW9doeqhLNFU23L1V7I5m8d0zfo9S5JYp79ICvS5cmlyxyxbVM9hotVDV4I\nzjzW69jy+pwuWP0Ru3baH9O1k9BqfGb9L/UjNix6yVRaCLvnkIOGaCnF2mtmhNOL/wDdzDTH9U0M\ndZgcWl5LhngtXp56fK4zi00fS01JHC/1B9K/3GJ5ca9cefkDxVLchRbkg4SaaIOwiPYbDoXCoBJd\nCY+EFlUhMfe24NWQL5D/ACHwAQCHug9wpBvYdgtmA1shBQLYBxe5IiCZFi9NRW27GlauXBXjfi3e\n5JtydGWtDna24FF8yf7FkUq2XBCSb2QVVN+cqJJeLpEmlBdN+44pJeUgiSqEeShycnfQ5S8nyRbv\nZAO72Q4x8XuCqKvsai8j+AFTm9izwUFvuycIeK277BtJBrEHvuxSl+wpSKZSbYR3PcdbWOlewOz0\nuBXwMSQ+iodcBW3yNURjdgCW1AlvuOv6gEOmCYchSoKfWwlvuMPHcAQNPkKHyAq4D/I/5mFALrfk\nI8bjrf8AI/f2Aj2PoGNLYKiMfiCVEQkqQfsNJcBQCpAtmMVexQrtgqZKhJbNAKhi7skAm+hdj7Ci\nKXADoXbQEeWMdULgqI0FddByAAkU5cfaRcuwq0WIwSDsvzY63SKFzRvWUoy8WmXK5VRR4mrEvSlR\nitxKEHJ1Hcnk0+TFTlFqzVoFFLJkq3GOxLJKUvGc3bbOe+pbjntfA45JY7SdWiWVKM2l0Qlyvk0s\npOW77ZZh088v6URxpeaT4O5ijHAoRgr8uWFrgtSjOmuBL0ytM3fU8Thnc6qL9jC99ugjetalhXiq\nyUl8IwvI5Tbb3I8F+k0zz5PZLlkV2foP1Lwf2Mr9L4vo9HKN010eM1OGOCEZQtSTp32eg+i/UVqc\nKx5H/Ej/AHRixY3rZ2/6E5RUlT4YZI7Nr2Iwu9+KMtPI/wCofpTxT+9jXof9jz0tj6bqMEc+KWOa\ntNUeD+rfT56PO016XwwOWDoa9TYnyUJ8CGLgIOhX0H4DfkKVUNbD5FRAt2F+4cAgAVDW4XsAuAYA\ngAF7A2AEkySbdJLcgiadO0SrF0aiq7Itt8IFJy4GqTpGW0Um3bFNrglOWxS3zvuEpEo0t3yKKpWy\nUIOcq6KghH7kq6L6UF+ATjjVdlbk3zwZaSlkT+EVt3+CMpW7JYl5blFU226HGNFs4ryQ0kDHWW37\njbDboE0/yel5x+AQ6d/Ad0UAvlDVWD9gCvcO/wAjb6EA+ArcL5BcbgH44DsaC0Ad/A9hAwG9wrj4\nDoK2APYPgBgRt9DW40x9gR3XINNLYOSVe4C7QvgkFUBGqGu0HKBLqwBBQ9xUgEMEgrewAFwLljrt\nECV27DYYqCotAx8DKiDWwIkICL4EvckwSVAQkrvcyuKUmX5J02kQjHyaXuNRBouxz2pLcc4pJRXJ\nSm4u/Yit+kz/AGJ7q4yVM0Z8uB4v4d+dnOjJU5Pn2LcMlHLGTVxvgmGI5MclHzadMgju54Y8+Dx2\njC9n89HGz4niySi+U6BIrapnT+n6tOseR8cM5l9An4/kq10fqOpjlX24K+7OW/nk36dr/btpRlku\nqfsV6rTSx+vxqLYRlq9zToZP7qim/F8q+TNW/wCxKEnjkpxdNbkV0dTilOHi23Jbt+3wZNPmnpcs\nZxbUos1w1yyzjHxdtKr4sza6cJZvTTdbtdsD2Gh1cNZp1OD3WzRbJeL53Z5L6Tr5aTMr/Q9mj18H\nDLBTi01JbM52Y0Iu1vyjD9V+nw1uBxa9S3TNijLz24vgm1ZFfM9Vp5abJKE01JMoqz2n+ofpSz4/\nv44+uK3rtHjZRcJU+SiuhNDYtghAOkJ/2Cle40woWxAdC7GKwBB8gw4CE9wAEgoDsGDsAGnb34Eg\nAlbXD2LfJRW3JUnsC5M41Kc5tkUvclSc/ksUPJ7rYKSh5v4JuShtEUpJKolPk5P4Iqy736RXKe4O\nVKkQpsYathuuAv7YR9MOdyMU5y3Al57WFuWyHOoqkRUgO5yKvcaCS2PS84vYEgXG4+qKFtdDSSCu\n+hoIS23HXLAGqQAufyDVhe4wo3oGtgdoYCSXYPfYa54BrbYIV0vwNvYKpDoKVbUhpBXYUmAKvYEw\nSpgqsA46AfyKgBqqoKvgOxgJKgofQN7ADQl7vYYP5AQDq0FBCrYOAXuDVhR2Jj/5DsBA2ge3QUgI\n0D+SVKvciwF1fRVkl1ElOfSKvHYgIwcnTIyTT26Lccm/Slu+BTjW383YBB3Db9RGcPRYk3CSroJz\ncuqQFfwW4ptNJldCTaYHb0WeeRtS8fCK5f8AKS+pY4LG5V4yUqT/AOr5OThyOuXffyWSySm/U7/c\niq3yD3Lni9F92U8Mosw5XhyRkt/Fp0dCMsWfFT4lLjs5fKst02V45Pek9gg1WB4Mri9milVVmjWZ\n1lnFQ/TFUm+WZu2go44FfqH3Rbp4wnk8cuyZBLS4JZpeMdnVo7f0X6i8WT/b5n6XxfTMHjKLeLD6\naXrkzJm88Wobk7k97XZLNXXuns/hkFP1c/n4Od9G18dVgWGb/iR/ujpuCXHBzUNKSaPHf6i+lfYy\nPNjXok/6M9gm0q5bIanTw1GGWPIri0FfMWtqoTXaOh9W0E9DqJRkvT0/c55RH8gxtCaCDkiSaEwp\ndi44H7A6AXyA17Cb9ggBBQECt+wwE2FAchQfPYDW3A/xyQ6JR2AtxLmyUp0VW4vbgbTaMtxB3Nkr\npCb8dlyxeOytgR5e5JLoklGO5FPyYDm06iThUYlTpyoHfANNyBRckRSp7miKVfAHY/A18hzxsOlZ\n6HAmFVuHdEqKFQf4BodbfICulwMLQIAqwSJJbCAfQgXG4wBewAFAAEkrBoCK4DehglsEFNhW34HQ\nIKXAJWh0H+AhLYL24HQ0BFpsdbB8h/gKNrFXZL/IfACSsVXZJLoKoIVJA0DGBEVb2SE0FHQMKE9u\nQhXSKskrewZJ3suBY4eX4Cq4r1K/cunFeKiuSGReLaHGfofv0yKqkqe3RapL9UuR5MajC292UdhB\nL1NsTXsPjgGvYCPAB1YXwAk6arkvTuNlCdvgvTppVtwFTlN1FWRe+5Kl7i3bpEEWxbo1S0WRYnke\nyM/j47PkSojvZs0Wi+6/Ke0LMj5OvpMn+4wKCajKP9ylYvqGmWDJcf0y4MavrlHd1+nWXBbfqitm\ncJ7CkaNNqvCUvNecZ8ps16jFHKm0vUopp/8ABy3XKN+hzScvB7ya9NvYioYnk0OeE06lzR6/RaqO\ns06nB+rtezPIa+UfNeN+X8zu7LvpOvlpMyd3B7NGbFexrxW27DlBjnHJCM4O4yVphZhXN+s/TY67\nTNJJTW6Z4HPhlgyyhNU0z6e+aPO/6j+krLB6jFH1rlLsK8axfgm006aI/JUR63F2MQCCh2LkAQVu\nJvcPkAAGHJAMVDrYApAOthUABYJbgBKwToiT2ZF0VSvsSdkXKk0xxTb+CNHkfQuIils/kJO0BDy3\nskm2yJZBKKbZUTfjaBy6T5El2RXOxFd9NIfYmiS+T0OA53BrcAW4D9hV2CQygq+g/YN7oL67AaCg\nH+SBUF7A/ca44KGhV7jrsAFXsA2v2Gl7gJIdB7hQCGA0uaAOBDpB8gJfAD6+AfQC52Q62F2PcIOw\ndAtgfIUnyOg+aG/yBFjCgqwhcoTRLhCewUurKMk29kyU5tuoshVPfgISi0roeObj8JlzaaqC5KZx\n8ZNXYVKcN/FK5PsqknF12i3FkUVurZXN+rcgUpOVNvggNqxFBwLkdWMgg1sOrJwguXwE39v5YFcm\nse/ZU5y335G35Ntka+SKuxT6Zv0MIy1MFLizldmrTZmmmn6ou0Sjq6lynLIpSaSey9jFqF+h9tGz\n/e4pwvJjvI+zM9Plnilkp+MSRjPWVq18k8WWWKaknVEOBtXuuDbTd9zL9Qn4RdQSMmo08sGTxl/U\ns0mf7Mmmtpqmbs+L/cQikpOT3t/IVx9rD1Rdxf4JZIOE2mqaYvgBbvl7stxYpShOd1GPZS7Tp9HT\nxTwyxwxxXk6uXsQbvoX1LwktPlfpf6W+meja7PFZMcVeXFNPxfC6PQ/RvqP+6xfbyP8AiR/ujFjT\noKaXPI5xUk0+GRyKna5HGXTf4+TI8Z/qH6U9Lm+7ij/Cl7dHB+GfTdXpoanDLHkVqSPn/wBU0OTR\namUJLblP3LFYK5E0SYtwiLQDYgFQNDE2AqH+A7AKLEHQECsaAGwCuxd/AIfIAwEADlFNWOOyYCao\nixG7YNWTiq3fJKTVBpWo9ssgr/BDekTi/FOyCOR06RFSoTlbJRj5K2B6HsEwqgR6HAVYJO9wjbQ7\n3ABphtY63KFywSV0MFtyAIGA6pfICoPeh0CXQAtkPkKoFvaAaFdDeyCtgFfZL5I0PgAoB9AkAnsC\nRLoS4AOgBVvQ0AkhNc0S+BVsAUCG7D8AAqH+AAHRHgkDATKck+kx5J3shRxuW4Cxx8gyxSlsJNxZ\nObSikv5uSCuM3G0uGWTjBR377IZIeLVcMg7aKI1TBxD8h2QLh89CaG1YUURS33GlbGk5PZDnNY0k\nt5f4IoqpJNrbZorytN7dd+5W27snyRVfjYOBbsHe5kU+LHFNP5smONRkm1avgDVp3HyjPIn4J7nV\nxZ8eotr0NQaa6S/9Zxs+qcmoxio41wieKdO09nz8lRdrNK8cvKFvG1s2ZUqO2pYtRjm/J+Eqbtcf\nCOXq8f280klSvYopezvo3aHVuNY5Uqtpvowp2qI7qXyijpavTwyYlkxpp7t/K9zmSR19JeXDKU3s\n1TfxXRn1OjvInh/S1e/QHPatfg06GaU3BptTXjtyihqmEJOE1OPKYG7Fh+zHLLJG0oppPvcrxap6\nfVfcwulewtRrZ5k47KLStGWKtr5Ir3Wj1UdXp1khV1uvZlng7bf9Tyn0rXS0epSlfg9pI9bGUckF\nKLuMldnOxQt0c3619Mjr9M0l/EjvFnQbalxv7E+UQfLs+KWHLOElTTqit8bHr/8AUv0jzhLU4Y+r\nmaPINNOiqT4I/BOtqI8MBUIl0R6ANxIbEwgALAigKvkOwATHVCBgAfgPwN8AIfILcOGAl8se8uAa\nscWlFkalRbp17A5XHci9x71T4AiuTRGlDchCKStg5OTJVj0PSsYvaxtUehwJKh1YfAPYoKJciSQJ\ncgFbBv8Aka+QQBwOrFQ0AJ7jqgqtxcgF8DUQSsYCpcDoOQAA+R1QuNgDkYdAFC32Cg7Cwg4YV7jY\nl7ADAewAF2gXyFj/ACQKgfA2iN1zwUGyKZzt0h5JqSpCjTlvwBCqRbjk3HxS3JTSaSiilScZbbEV\nKcFW37kL8WXqUVD59jO92A22+SH/AASaI0VC5BrYkICKVjSvhDUW+BZJeHpjz2yKJTWNVHeXb9jP\nLfcb32FXuyBc/gknTsS+QuqRFTXA37hjj5Spcs1y00Y4mn+tKzNuNSaxVvsOhteL4EDEZK+R4p06\nfAS3exXJUVHV0edY8qjP/wCO9zfLDDUY4uUk93Tqr+DhYclvxfJ2NNlh9uHlNSlBPxiuSo5Uk4uh\n8r5OjrNElj+5FNOKuUXyjm27NInDNOFVJpLo6uBw1GG5Sai3XO7de5x37klklGLgns3dALNFRyTS\ndpNpP3Ko8/A2745LselyThKaTaQFNU/hm7SaVJrJNrxq0YqfDNWk1EY/wsv6b2b6YF+pwLxuKfm3\nbfwb/oX1Dxk9Pmls+L6ZlUv9zicpTVv24ic7LGeDO7/Ut7M2K93JWtuRNU9jn/R/qC1eFQm/4sV/\nU6E1sc1LJBTg4yVpqjw3+oPpL0eb7mNfwpvb4Pcwb4ZTrdJDV4JYsitPj4CvmNdA1VGz6lo56LUy\nxzVU9n7mP8lCFVjDoCImSdUIIXYw3D3ASYc7gFbEUmC3H/yFACQn8DQfgA6IsdgA4ikvZ7APnYKn\nhxrxcpP9iM3bBOnT4E3b2MtJSaUaFDkHSEnSCvRcklsCCrPQ4Ct7BbhQyoKoHwC53BOwHQVQIEAL\n2GgoEgDnkOGMGAc7i52H1SCgDix0CBAAUFbD6AQUOthAP5QNbDSF2A97DsA4AXY6CrQADQAw2oA5\nKpzvZcBKXNEfB1dAOGPyZGcfFuuEShNp/DLGk00tyCEZXHxXIskFGKfbIyXi/kTk3ywqIvklXHuD\nKiIbfuNoSsA5BRtjS8mKc0k4R/qRSnlUbhDf3ZQ9wbpgiKj2BL8oT52ATpCSv8oa/uS455AcJODt\nOmjZhy/dtZJb1sYCcZeLsxY1LjVngsj84Kl2ZGtzbHIs3hCKq/1FefD4O0vS+DMuNVmpXwRmixqv\nyLk0zVDbT+TfpNS8b8kl5JV/9mKS3CE3CVo0y9Fpc8dTCf3Ukkl5Pt/k5ushjjnksTuJLR5YKfrv\nxkqtdG3BoYtPzTk/LxtdfJRyOBtKy/Pp/teTtUnS+fkoW7Ki3S44TzxjN1Fnbx+mTxKNRS5PP7p/\ng7Gj1sJYX9xpSj79lRytVhlizSi/fYqas163M9Tk80mopbGN7EVdpsv25JS3hfB0s2nhk8pTtPbf\n3/Bx5f8AUv3N+l1PljcZz8ZKlF/HZFV6fUvS6lTx2kntZ7HR6mGrwRyR/dezPJa7C3L7sU91b2LP\npH1B6PP6m3jls0ZsV6uSabr+pNPyCMo5IKUXcXumRS8Zf+7mByvr30ta7TOUV/Fgm18/B4PNjlim\n4SW6dH1OtqZ5X/U30i71WGP/AOaX+Qrydbiom9iJUREyQqATYcDYmAlyA2q3E3wAbrgOP3DkAosQ\nPjYS4Ih2gAL3ChAF/A6AHuhLZ7gOS7RF0pu2Rb2oKsnCPqV8BY9INAgO7kbQdBd0HIQKgpDqgKAY\nIK3AK7BcBVDfGwCe4xUOgAK2Hs0Ff1ASVAF2MADoPcYCQfIw2YBYBQAFbjYAFIOxpUAQn8lU5eXH\nA5zvZCik3TAhw0XxbnGlshSgpcLhEIy8XsATjT2CM6ROTUY0t7KWRQ3bsVDoRUDVgAMAYlG+OCUY\nt/hEMmTbxjwQLJkSVR4Kbtjq0KqCkwQ1uLcAe4lvwSSDj8kUnt+Rcg0FUBFqutxr5C9y7TYfvTa4\nSVsgUZOLTizf6Hg93JUvyVS0TjpvNfrT3j8e5VgyKE/VuvYx1G+ajnwyxSqXJTR0Z4lPB5uW6Vqz\nnTew5Oopd2R6JvncjLg2wtwZPCW72Oti+oTThGdOHdd+xw0aMOS/S/2KOxr3D7S8vF5GtnFnLaJu\n5NWyyUEoclRSTww88ihaV+7IcEmmtwOt9mMcSjt6oV41vZzNZhjiajG263fyT0+pksqc5Npunfsb\npYlqopOSryvyqgOK+AT8X8FmeNZZRSpJ8Fez24A3S1sZYKmvKTe/RicvVaIU/KmW4sUss1GKIa9B\n9B+pf/18stv5WzvSu9jxGTG9NlSi35R5+Geo+j69avAoyf8AEjs/kxYrbGW9f3HkxrJBxkrTVNBK\nNfgalexlXgvr30t6HUuUF/Clwcc+l/UNHDW6aWOa5Wz9mfPdfpJ6TUSxzW6f9Sqy9keiX+RNbhCB\n7jaF+AF0LcdDAikA/wACuwoB/ADoBCsPgKIB8gMQAh37iBAHD/JJOkHRHumRqPTrlewWJL+g6O7k\nEx7WIfDCDsaBAgAaQB0FDDgYAJDaCqCwFW+w0g/AyoVBXsCGkABYUABW4DXAAFhW4MPyAIKHQuFy\nA/gqnLelwE53shKHpv2AIQ8vwJxp/CHCVOnwyySUtov9yCKk5JJcojkikl7idwkKTt2FIGDewLcq\nBiofYPgBOgjG9+icY3zsl2V5MjltHaK/uBHJktVHZFT5GwrkikIkkhVuQLvjYKJLcTrgBMiyT32F\nwAmFWFWSqnuuAq/TaKeeVVWzq+yqM56fI/BtPh0dXTaiep0zhBL7saqufyYtdp44pKWOXnBrn57C\nN2nl5L7kW5OcFdvu+P6GDW6dwk8kFcHJrbr4K9JnWHLcr8WmmdaOHG8Dil5RcW0va+xi/HFlnn4K\nF7IFhlPE5rpktVp/s5XFPyj1JdlumzOlClSV2Yvjc9YH7MTNOoxpNSje+9Gdr+pqM2IDT3VbDasK\n22Ky1Y5+a+UTcm0l7GKM3FpnT0mJZYfc/sWJUcWG95F8oJxosjG2kkX/AO2uO73NYz/qRyJx8WzZ\no9RahhaX6lTfQtThfHaMa9L9miWNS66Wp0KlThL1ttyOXkiozaTuns/c6uk1CyY3GTXkun/MzPrs\nEILyj+pu2lxH4IrA7dVybtLJZNPKEKjkXfuuzF3YKThJSi6dgdfLiebF6KlJxpyfZi0ubLo80Mkb\nW/8AUv0OaWTxxu9rW3di+oY34KcZWouvFcIg9ZpdRDVYFkg9mt17E2lH/lnk/o31GWlzKMn/AA5O\nmj1qanFOLtPdM52Kado4v1/6VHW4Hkgl92C/qjrtu/34JOmiK+WTh9ubi0006IM9T/qb6R4t6rDH\nZ/qS6PL10VUfgVEnsRQBxwC92HQcgR7ChhQCAGHwwgBBvQEUAABCfIcbje6F0FMGrEPoK9OHIudh\n1tydnMx7URWw622KhoS5+Qivcb4AAoF7gAf8D/yA0RRVgDHwvyAgW4+AKgB8guaHwAqBcDW6CgFW\n+wxD5AK9wewDewEW9ivJK6SHOV/gjCvK3wAuNy1NzVBJeVJLZFf6XsA5pX6eAhPxTJuUVjS7ZVW4\nA3e4mh1QqAXAJjoVUA62Go9vgEu29ivJk8tlsiKMk72XBUxhVAJfIcg0HyAgSsaV/gJcbcAK/YTQ\n0BBGhMlQVsUTwRUssYydJvkv1EPu/pjTgt69jK272NmHPJwjGK9S2b90YrfLLiySw5FODppnSxLE\n8UFbn93aS/6TFq8PjLyXD/yLR6j7OZNq48NFjNiGfBLBOpKk90aNBqJJ/blOou2r9+jZqIf7zzk4\ntU/CF7V+Tk5MUsVSadPh+5pHVzYZZtI3kl5ONyTX44OMpuE7Wx0sernPDCoNyh6LXG5TrtPGHi4L\nmKbX/SyWLLhpp41LG/KUlW/Rky4JwTm1t7jwZPtTuSuPFD1Gd5X4wXoXCMeyt7LGbsi9vwWSg1yq\nZF/4NMImrRah4civ9L2ZlrsKLqWPR4q8lNO4tbF6j6m31ujj/TdVX8LI9nwdGWSa9NnWV5+ubqOo\n3ntuYc+PuJ1ftRhhk5eqT2RjnjcXUlV+5muvMyMOOcsc1OLppnUxuOXFUWmpQ3j3ZzcuPxd9Bgyv\nHOrqL2ZG0dRheHI47Ne6Ke+Tp/UM+GWL7cV6k9mvY5my27IJ4808F+D2kSzarJlVTe3JXV7Mjw6Y\nDTr8no/oH1JNLTZX/wDg3/g8389k8U5QkpRdNOzNg+gSSZCLcbTMf0n6gtbgqT/ixW69zdKkr6MK\njkxxy43GauMlTR4H639LloNS6T+3LeLPoEZXyqZk+p6CGu00sc1v/K/ZkV80Yqo06zS5NLnnjyKp\nRdGd/BQiJJCAWwWNiV0FIOGPgT3ALYAgZAci+BoP8gKgGAAqDlMQwPTglX4G1QLc7uYrYEth0N/A\nAFA2gXABzwFAuRgFbAHYyKSGH4BMAB7AFFQfkB+wwF2A6ABAuR0GwA6KpyvZcBKd+lBGDasAhG+X\nsEoVxwJelltedpbICMJN+kWRR8lRFrxfIm23YC3oOB9gArsKGCXuAkgapOT6JUkrlwUzn5v49gFO\nbb+CPYNCIp8hwwYUAMEu3wFe/AXYBLjYQrHQCoOWMKASVJiburGxbMBN0Tx5pYrceyHdEowcto7k\nNKU5T5bZOeCcMfm1SuqfI8Dhjy3ljaSe3z0Qy5ZZpOU3b/wF1r02pebLGOaTUWvFU63+SefHlzze\nL0+MF5L4X5Oan7HQ0+X/AHGFYEvGau5L+ZVwVlkx58mnlOMWqez7R09PlhPTfbpTlOLTb5T3M2v0\nUcLi8NyTVtexl0+Z4MqnVrhr47ClqNPLBJKW9q009iz6e8X36zcPh+z6NfjhenX3bUJX9v8A7fl/\nucrhksWV3NXp8eqTnGKh4Rfxe18HAkt6Oxo9T95RhJN5EmvK/wCWuF8mfXaVRhHLii4wrdPlHPnz\nyt31zQ4Q2q5E+TowItp2ujsaPULUY/CTqcV/U46RLFkePIpLlFlxmzXptNNyfhKrXCrkr1mObalJ\n3f8AYq0+ZZYxyRfi+/g3OUJKk1JPZ/8A0WpK5Ul5KmY5xcXVHSzYnjdPvcz5calHbkKxeRdptNPP\nOktvcrcalR1Pp+WMsLxRajP39wMev0f+3cWnaZjav8nf1un+7pkpP1R3s4HbBqN2NbL5CW2/Ql7k\nGvQauekzxyRfD490e002eGqwRyQezXHseAujsfRfqL0uVRm/4c3T+PkxY1HqX6XbJRfkrDacU000\n+GR3jK+UYVxv9RfSlq8Dy4or7sV/VHhpxcJOMlTPqrVo8h/qb6R9tvU4Y+mXKXRVeXoVD/yH4CIg\nDB7AJ9WLkbDoBe4dWAcBR+wdA+g/IAAARCHyHAfAV6hOwoKoaO7mOhh0FkUewxIfZQq/YkAdhCGF\nb0ABQfga2AAodi4GkAgGgAGkFAtwAGVNt7dEpyvZEeNwE4tK6JQk2vF7Is/Ul7FclTYDa8uOiKbj\ndApUthALdgxgAuAfA2goBfgkkorykNpRjb/YolJze4DnNz3f9CDW4wIFRFoklbGFQT6ZJK9xeNbs\nPlADYWAUBHkaH4j/AEr5AVKJHn8j5EwF17AlsFbE4R8pqL2XuBCjo6aGLBL7kZ+ba2guXfTH/s4w\n84OMnKW0LW9/+DInPS506qUXwwHq9Pkx1lyKvMytHajP/eYYeUKgpU4x38fk5WfDLG900nuvlAUc\nfglGThJTi6ad2KthMDq4NR5Y4tTjLLN+M1LmS/8ABgz6fJj3cfS3syvHPwmpezOxpscPtvM3fmnu\n+I/D/uBx/vZHj+0pPwu6LNLpXqHJeSi0r37FnisWa8Sko7OPktzXhzf7mTx44RxOS3rmXwEc9OWL\nJcZbp7NHb0+bFqtJGEk5zv1Jcv5MX1LRxxNPFbVer4Mul1EtNk8luqpr3XZjqa3zV+u0mLHhWTFK\n6l4yRzz0MseDNovJuk42kuE//JxNRp56eSjki4tq9yc1rqKKIjrcLNsNOj1H2cl7+L5R2ceRQrJC\npRaPOs3fT9Uoy+1kfpfD9mWViz+u4vtyi8iV1dpmGaabtV8GnHN424t0mnX5J5MXlj9S8siVuvYp\nHKzY7VrkpxzeKakuUbpxptcmPNjadrgK15M+XXJQinGFXIxanTvBkcXuuU/cvw614oKCiq3v5NeW\nENTi9NWqSl0vgDjtWmRez+CzJBwm1LZp1RHZ7EEehxbVC/IBXp/oH1JSgtPlluv0t/4O5NN8I8Bi\nyPHNSTp2ey+k69a3Tq3/ABI/qXv8mOorYnW3Is2KObFKE1cZKmOcG3sOJhXzz619NnodVKNPwe8X\n7o5nB9K+q/T4a/SyxtermL9mfPNZpp6XPLHkVSToqs9WhUSaTItBBQt/2HQUAmD4GhbtWFIOB+La\ntEWghv8AsHQLfl7DTIoXAUJjQHqOx0JcD6OzmOHYB3uFexQwAYUh1YxBAOgQUADoQwD8BuCGgEg/\nyOgSXuAnwVTn10SnK9lwEIp7sCMKb3LJx8uOiEo1dcElLySQEYutrJzknGkKaSdIhwAhj5E9wAXd\njoVWRTHKoRt89ILUFb39kUyk5O2EJylJ23uABW4UuAGD2CF+B1Q68d2K7Cly6ZF7MluDVsBWFW9g\nJbLgBcfkX5BhQEQaJNbEo4ZzTcU2kQV7UANP9w3KOho88PR5uX3FLnm0S1OGOVSqTeXGkmq2/r+5\nzotwdrlHX0mpWd2/Hz3k9qoI5mDK8OT1JuPaujoalQy44fcn6FxJLt9FGs08XF5caaiqTvtkNFqP\nFrFNx8G7tq6Az6rA8GVx5jez9zO+Tsa+H34x8FU4uW13aOTJOLafQVFmrQ6n7OSpu8be/wAfJlaE\nnuEdjV6eWsn5Y0kscdn/ANXyclxniabuL5TN2i1UnH7MpbV6fd/Fl+s0v3kpJeCx4t1d/gKhpciz\nY1u3OEGnFrZ/Lf7mPWaX/b5IqD84SVplePJPBlT3XuvdHYxzeV48kIwcJbyTSbW/FBHM0OdY8sVl\nb+2nfvT9zZq9Nl1WJ5ZzUlCLcXw3Hnf+5h1uH7GZpdry/FluDU5c+FaW6XcvgxZ743L45tbgzoZc\nOKcXHTxcnHdzbpUYGaRF7iWzTGLv4COvotUs8Fim/WuH7nRw5dvGbrxX9TzOObxzUovdM7eDKtRj\nU4teS5RuesXxoyaZpOStqr/BjnG9mdOMpyjT2XjW75Zhnjak1yRpzskPBmrRZ6rFJLxcrTbqmGXH\n5r5MjTi/wB0tbi+7ibxpUm5NvmRymqOpo9QssWp7ShBq/j/1lH1GCc4ShHxi43VcEGGrRD4J8EZb\nbr9yhGz6frMmlzxnB97r3MnKGiUe/wBPnhqMEckHaaG3vt0eX+ifUnpcnhkb+1Ln4PVbSjapp8HK\nzGgna+Dg/wCpPpH+6xffxL+JDle6O5fi++OCTXlHfsivlUouMnYmlZ6L/Uv0j/b5HqMMf4c3ul0z\nzvwyqTXYh9ibCC6F2MKsipJellctkNSrYJARVkkLgADsOw7AD1SXQ0hDOzA5GCQAAAth/kAoKAaK\nFQ+A4DkgYq3GKghpBTBD/sULrcrlJvZBNt7LgVOrAlGFoiiUZdN7Dkk+AJbSjXRW14sUZNcB3uAt\n7Dv4Gg5AQVQLYlQVFexJtQVvnpBJqCv+YplJydsgG222xUC5AADahioBK3uS45H+nYjfuAbvkTGN\nARoErGkDfSCIy4pEU96ZKiLQDfIfkSfKJJdsKEu+jZjyOSSxvwSXqox3ZLHklB7NqzNmrLh54eM3\n33ZS/wC5vnLHKNbycld92ZJ4Z41GUo0pcFhVa3LMGWWGakkn00+GQEyo7GT/APlYcdtLG0vKXSfs\ncrNieHI4yW6J4Mteibf2m02kbc+FaiLhhi5OD2l/1WEQ02XGskJY03llSV9PtlOu0iwqMozUvIz+\nrFNNWpRZvxZ4TxJyjHJLyflF9IDltEK35Nmt0rwOL/llujK18AEZOLTWzR19FqnmjLzkvJRqmv7n\nIa2J6fI8WWM02q7QVo+paeUM3k2m5RUnS4K9DqPsZVtae23K/B055MeRyhGUMiyX5Pu+qOPkx5MM\n05LxfIG+cP8Adxl5KUftQdOT+eDmKTxydNpPZ/KOjptU82VLK407dPiUvdkddgWZfewY6goWwKvv\nPMvsaaHjGXPu/wBzPqMMMSSWRSmn6oroWLNLCpqOzkqv2KXuyCNdiJP4IpNIqDsv0ud4Mylyu0Z2\nO/YD0uKayeM/P0JWr4/Bd9mOSKUGkne5wfp+r+1L7c36Jf2OvCf25VJtw5o19Z+M84uLafRnz47V\no6WXC5wlk4pXuY3RGmXT5fttpxTv3Or4LJH+Kk3Laovg5WbG4u0tiWlyuGeLlco2rXuBXqcTxZGq\nfjbp+5TX9zo6/NLPKOLxtwb39zBkjKDp7P2Cq6r/AIHY6vb/ANRFbbEEounyen+g/UvuJabK/Ul6\nW/8AB5fYsw5HjyKUW007RLNHvpLlkYy522XBl+l6+Otwbv8AiR2kjXJU/wDk5qhqMENRhljyK4yV\nM+ffV/ps/p+qlFq4PeL90fRYtvZmH6v9Oh9Q0zg0vOO8X8kV83avgjRfqcGTT5pQyJxlF00U12UD\nI8EmhUFG1ifsPhCAKQqYwT+SA/yLYbVoNgPVLgYtwXJ2YPsB3ygQAHQ6DhAH+AHQuwGJEq/uJIA6\nGCW4P3AS2TISk3t0En5CXIQqaLIvy2HXn+CC2YUSjvtwHl6aHKSapIgUHIDAIXCDlDCr4ASW9DbU\nPyDkoLb9RU3e5FDd8i6ChgLsKtjDvYBVsOktgWwk2AdgwsHuAhpWCXuNgJ8/AuB0IISW4V0MaVbg\nVuNMLsk9yDVMKkIFuW4sLyz8VV12ET0uSOKTk1ckvSurLMsG1eR+U5cURlpXHCsl8umh6fLUlGVX\nezfRmtRlcWm0yLRu1GLzUstpP2917mJosLEeDo/T9RKMZQjBzkk3Fro55LHlnimpQdNFZa9dp1ji\nm/TNJXfbMmHJ9rJGaV+Lun2C88s1G3Jv9yzNpJ4scZtbPlezAjqMzzydbRb8q+SiUXF01RZjl9uc\nZLlO9zRr8+HOscscanVNUFYWvcj0TrYi0BZgn9vLCT6aZ0seGL85TSlCUfuRvir3OTwkatFljHKl\nlk/CnS+egKdTieHNKKuk9ma9NleoeOC9M8cWrXcV7ktRgzalSlKPrgqv/qRzoTnikpRdNAW65Ynk\nUsG0ZLjtMy12adPhnq8/imvKW5Xnwyw5XCXKZBS17kWiT4Fz+AI1bsRKqQrrcqDhfJ1dBqfur7U/\n1JelnKQ8eSWOakuhKWa9BLJNx8G9lsVOGwYM8dTiTVeaW6JSbqvk0iqcbVPsxzi8czZKaStmTJPz\nkFdLBOGVfdnOMZuPi2+b9/6EdZgU39xQ8pRjTX7cs5jbj2af97L7ChXq2uV80ZGMT3V9kp/HLFXZ\nTURqwku1+4mRW36frJ6TULJF7dr3PZ4M0NThjkxu4yR4Dg7P0P6j/tsv28j/AIc/7GLFenap33ZP\nlA/VG47+xGMXHh8mB5//AFN9I/3GN6nFH1xXqS7R4vx8XTPq0kpKnumeI/1H9IelyvNiX8KX9mGo\n8+xNDXs+RMoVAAdgIBvYTIExugoOAPV0DBbMPY7MBDqxDAYAhgFhQIYByALfsKQD4KpSvZBKVjxx\nT3AUEroco3b6E41dE4O3T4CIRdbdDm1skE0vLbgjXICXIMK7H0UDDYPgErYAl7DcvFOuRSko7Lkq\nfJANuwBAuQovcORgtwIob+B/gVAHIIfAV7EC6Gl78AkuwbKhPkHwAcgJbLcdXwP4Dj8hSqmR3v4J\nMOqAiJqyVbCoCWHBPJLxiurJxc9Nm68outy7TZlSx+NzuotfPuLVxi2nFuUkqlfTA2YZeUZT9MvN\nLnp3uqMOq07wy8tvGTdU7I6XMsWVOStVTo6ccWOWHwjHZq18WEcmeVzik+lQlhnLHKa/SuSWXG8U\n2uVezrks1OoWTHGMEoJq5JdsLrILYk06WxHoIcJvHNTjs07R09Nkx54TlnbanPdXwzl8lmny/ayK\nVWlyn2BHNicHw6b2bXIsMYyyJTdI6uScdVgUfFqCVQvd3+TlzxyhN2uHVkqxdqsVpShBrbejEtjo\n6bO5pQ3bd3bM+rwfbm2k1DhWzMv8bs/sZeQ4Y/gTNsN+lyZNR4QWSpQTr5KtVi8lKeGD+1FpNv3o\nzQm4TUoumnaZ18GWOowTvZyi1KKW35A42Oc8c1KDpreyzNlnqsvk0r+ES1enenkqaakk0y3TKKg6\npXzJ9fIGKcHBtNETfqsf3PVXqUb/AGMMk1t7kFbjwIm+SO5QuwbBi7sC7S55Ycqn12vdHWy5oOCn\nB35dHDLcOTxdP9IlSxqlJzluT/2uRryolpUnminwb0pSm+kjpzzrh+n6Xm5HJlFq0+URaNWuS+9a\n9jNzuZsyunN2alp8Ty5EjY9NikvGLfkUaPKseSn3sbPKGOPK24Z05kxx/TrqXxy8kHim4vp0QqnX\nTL8/lOcp16b5opqzlXo5+E1boE2nsF1YWRp6n6D9S+7BafK/Uv0t9r2OzJNv4PAYcssclKEmpJ7N\nHtPpmujrdOpWvuJepHOxWqD6IarTw1OGWLIrjJE5L+lDjK+uDKvm/wBV+nT0OqlCS26fujD0fRfr\nX02Ov0skkvuxVxZ8+z4Z4MkozTTXIVVVciJCooVWK9qHTAIQBQEV6urGthDOzA4Y6CmwAaAEMA4D\nnkAvsIHsQlKwcrH4OrClGNoj+l8bEk6e/BOS8t1wAJqa42RW9n+4K1tYUAt7DlDCgEAUNK3sVBXs\nEpKOy59wlOto/wBSndkU3yJjQAJDWwPgErAEtxv2QP4EgEMKDrYKGNKuQWy3DkITAGCAGqGl7BVv\n4DjYAf8AcQf8iS3AAG9kaNHCE5vy3lt4x92Bnaa5FW5v10E15QTai6b66pGB8gCfjJNbM2QzReNz\nfryydST9jHySx5HjmpR5QDy4vtpO16t0i7SZvGX25TqL49k+maIQx5oyyNX58/8AZ7GCeOWOVSTT\nA6OqxOen9cnOUE2n7r3/AAcp7HQwZMmbAoxgpSXpcu6IazCv14oejuS4v4CI5MuHJo4x8UskdlRi\naGlubHjhDHTimnG0+2/gDCKiUlTFyFadHqHj8sU5OOKez+C+WB5ovBhdY4XK3/MznF8NV46d4vFW\n5eSle6CKE3CVrlEm8uon425N9CcZz8sjTavdjwZfs5VOk65XuMXRLTTWF5KtKVP4KK33O5i9cHKU\nFLFKFxiuFvuczV6aennvGSg2/FvsDKzVpNZLTuSjTUvfoygwNGoi8mVP7n3W+ZDzYJaSadqUZWv/\nACiGnzfb84yipQmqaf8Ak36tLNiXm/HLKKyQS44X/gChJ5sdOVRq6917GbJF523FUoR2/CDFl8G4\nzWz/ALFuVPLG4bRil5te4I57F+ei3NCMMjjCXlH3KyKixNbknuKghMQ+BPcDTp8rurqS4ZvjrZ+P\njSv3OOm1uuTZiyeW6/Ujc6xjriX66OTRvHp3lz25NbLv4bOddHX0+aObGpTjGUlUXGT69/6mLW6Z\n4cjai/ttvxb7RNakxlpJ37lmHxlkSm6iVrbkN7+C6mOtnwyyYceHFHxjKpN/4OTmx/ayyhaddo6f\n0/JHJCWOUvFre+2ij6hp/GTy44tY2Zac/nftCTsfA2uwhbI2fTdZLR6iM4vbhr3Ri5JLbslV7/Dl\nhqMMckHcZIcm1v8AJ5r6H9ReCf2sj/hSffTPTvfdHOqE/JXVHnv9R/SVmxvUY4+pfqS/yegTrYco\nqUWmrTIsfKZxeOTi12Lo73+pfpb0udZMa/hzun7fBwU/cqot7ASoVEEbAewFHqh9AM6sES/AhgFA\ng7BhDbISlYrvYTtUA3GicJXs2P8AVyyDjQDlG7ceBKTqgTdV0IKb5FXsAIAAOBqNsASsjOSWy/qO\nU9qRX2AgQ2HYCYD5HVcgCQmx2L3AXYwoKAA4HwIAAKAABKxpbBIAb9hNAhgIB1br3Lng8cTlPZ9L\n3AtwaWOXGpNtXe9bIz5Y/ayvwbaT2ZbpdQ8MvGX6HyjTmxx1DbjUVGO3/cwDFk/3OH7SSj/1/wDk\ny6nSvHKVPyjHsrjJ45Wm1+GdGFZ8DiqUZPjtflhHJoTXZp1WD7U3X6W9jOwq/R5YYpt5L8a4RHVZ\nozqMFsuJPllJbp/BZP4itdb9hFUZThtbXudHDqFmwfaqorG/Lbj5K9Vglk9SSbin5NcMy4sksOTy\nj+AJZ8P25bO4NWmQhlUY7q5Lht8GzNmh/tkqUlNbu91L/wAHPYUTk8k3J7t8kHsbdHHGlLJJryx+\nrxf8yKtTjm5eXjSraukEZmFDr3FwBr0urhixzx5Y+UGnX5MbQ6uW50MWCOBZJTcZxapJbt7WvwBl\n0eZY8yWSUlCmtujpS08MumcfKUu43zbOVqMM8U/Wqvc16HUTk/tOSWzavtpbKwMGXG8U3F8ptbFZ\n19bhlPTfcyKKlj7iuUchoKR0NLnh4OOWPk4q4P59jATi6aIrXrcSyJ53H7bW0l7yOe5OqTas7OHJ\nDUuEpryyQSXh1L5MGv06x5puEWsd7fBUYaESACD2E+STFyQITXsNcbiewCJY5+ErIsT6A6GHK4yj\nODprc7Onlhy4oxnc/J7ruzzeHJ4yp8M7H01PzdSVbeXvV9FGbWRjHJcV4u3cVukUc7M6+twLLh5i\n5w3tbbf8nIlFp09qCLcGX7M3Lx8nW3wdHHkWqw5JOKUa9W//AAcp7onhzzwSbg+VunwFSzaWUVOU\nU/trhv2Mq2fwdnNWo08WpeKnXl/+Rys2GWKVTTW4RU1TQx7PZkeHXYVfjlR6f6L9QWWH2Mr9cV6X\n7o8mpNF2HPPHkU4tppmbFe7kqWwRut+TL9N10ddplJOpraS+TTKVfBgVa3S49Xp5Ysi2kufY+d/U\n9Dk0Oonjmtk9n7n0qLtI5X136WvqGmfgkssd0/f4Ir58DJZISxTcZJpp07IvgKiHI9qdhdFHq06Y\nyK2YzqwfDEhgQHBXKV7IbdhGkyoSuL3LK8txNeW6EnQBwwlO1sOcvJ7Ea9wpDAaKCwFQ0v6EBFe4\npy6XATl0uCDAVbh2MFyAkh0A17sCKQ275BiTvkA/yMKBANIOAewkAUHAcAwBBXuJfI3uANgAUAMC\nSi5bJCpp7gJNpp+xtwy+9J5MrTeNfp90YxxbjJSXQFmbHNVOUKUuCzTZE2seT9F3fZoWb/cY25r0\nRdyS5bZgmvHJKMXaT2aAv10McZpY1vW6KsGZ4ppveN7r3L8EP9xBJqKUeZdshqcKilOCahLp9BGv\nUY46jGpRbcn+nc5k4uEmmqZqwaqOPF9uUX3bjyPUwWaX3PNW0qT5YGHgXZZKDjKpKmVhXQ0efyx/\nZk0n0/f4K9dp0msmNbPdr2MltO10bHrm8Hi95NNSsIxQg8klFct0jXHTKOnm8q9d+muzIr5o0YNT\nUpvI5NyVWuSjNJOLp7M34fHKlOc3HGkozj79GTUT+7nlJJ0/chjm4S+O0A9RheLI48rp1yU9HZnH\n/fwUYtKKk2pPpVx+f/BysuOWObhJU0yCqi3T5vs5VJq48NfBU07BlHV1LjrIY7VXFuL9vz/T+5yp\nRljlTTTRr0Go+3L7c36Je/Cfuac+CGfNDynU5qr9+dyCENRLLp4x8JOTTg2nt/Qya3DHDkrGn4+/\nP7BHLl0zlCMnFNm1ZMebS/aSVKCd/wDT73/72Bx/cafBZmwvFKn2rT917lT+ArTpsihljOTaj3TN\n2pyRyw8cXrxyaU2/+F0cuDtbjU/GcXvSfRBDUYvt5ZpJ+MZOJSbtRkxT0zUG/J5PKnzwzLjwyyX4\noCqhEpRcX+CL/ACe6RF87kqBlEWxD7FZAK0zTps0o7XTXDRm/Ak2na5A72h1cVFYsqVJ3GTXHvYt\nfpvNPLjhKCW8rdnOw5PNX/Mjs6bVf7jE4zcXLe4v+d1s3/QDj/p3E1Zs1WKEMsowTcm1SX8vumZe\nHTKNGlyxtYsn6LtfDo1a3yyYlNtScV40lt+xy3sdDQ5nkccTr0/prlhHNknHeuQ2kvlHQ+oQxrFj\nePfd3XCZzuP2AXI06diezvpgRW36brp6LUKcX6f5l7o9pinjz41kg04yVpnz5bHb+g/Unp8v2cr/\nAIU+PhmbFenqnfA7XHY2r4K16G3TtmFeY/1P9HtPV4I//ml/k8nVOmfVJxU4NSVpqmjwX1/6TLQ6\nhyhbxz3T/wCArkNbbkb3JciaKPVJjQkg4OrBt0RlJsi35fglGmQEKT3HJfzUJxaHd98FQRl0+Ak7\nZF87B0AwAApgl0Ikvd7BAl2RnLpcClK3twRYUAAbgMQ6D5AOEAfIuwDoBr5BKwBL+gfAn8cDAQwo\nKAQLbkGPgIXL3HQLcEAhpXwC35HfsBbhnS8UvW+GPLijGF+fr9ihNppolJucre7ZGtQJE5YZwhcl\nV+5CtiocJuL2ez5NUdMs8m8e0W6VmM0abO8Uqb9D5AquWOTSdUzdjyQzYop3KfHj7vfcebCpYtkp\nSfFPoxRc9PlT4kgDUYlikvF+UWtmWafLHZTe8acX/wAE4wi4Kc05Sk/TFGfNjeKSW26v8BGnWQeS\nKyJJV13XTZgaN+LJDLH7mR7w5X/UjPnxU3OFvH02BmrYBsErRVao5MMtHKE1U47prsxslGPlJR92\nbMenWPFNZYXK/Su2QVaPJjhk/ixTT2t9FOdQ+9L7bbje1kZxcJNSVM06XDCSeTI/RB+pLkIhpdRL\nHJR8moSaujRrMSnOEVTm6S8eKMupwPDk78H+l+5Zg1EpY/s8SbpP/gDLlxvHklFu3F1sVm7W48UE\nlC1OO077fuYqKEdHQalSXjk/XGPofv8ABzuiWOXhNSatJ8e4GzW4Z58vljVyUUpRX8r9jLp87wze\nylGSpp9m/Tyx5HPHjk4xa8pSfKXsYtZgWDPKMX5R6YGnU+C0kVKLlOcV4T662Oc4uK3Ro02SME5T\n9TivQn7l+TDPNkksskn47OqVkVz4sJrYbi4TaapoJrYip6TT/fmk5KKvdvo6ywRw43ijG5/4ONiy\nyxTTXHaO5p8sckLjvk6Zmjl63TPeSVNco58kehzYGoKfKkcjV4Pty8kvSyyjGIkyNf0NIOiLJCsg\njwJKiTZHkBwm4StHS0c4vLGXkorffrg5hbhyeDrpgejx6fHqIOUKVz3l7VvscfUY3iyyjLld+5bp\ns/25pNv7babr2N+bTx1OCWZpRteSdlHIW6onp5xxZVKdpL25srpob/uVGnNrISj4RxJxSpN8mKXt\n2Np9CpoAT3FuvwNKgbVURSbGpVLYSFe5B636D9S+/jWnyy/iRXpb7R1ci7Wx4LBnlgyxyQbUou0e\n0+m62Gv0ynxNbSj7MxYrVB7UZ9fo8et08sWRbPh+xfJeL9l7jUrdGVfM/qGjnotTLFkVNf3M3Ks9\n99f+lLXaZygv40N18/B4PJCWOTjJU0Fen/chJtv4E5X+Bprs7MHBJoTVBwT/AFbvgATtb9EexboA\nh7VsNbCC7Cmg+QHxu+AGvnghKVvbgJSsiAxcIdCAExhQ+EAlsDD8gAUIfwNb8gKh3sJvYSAdUAMK\n2AA+ATrrcAAL3AKCBoaQJe4PcBdgOhAOyUGoyTatXwKKTavZM6DwQWGq7/V+wUsfjmhJy9Ta3/7f\nwYsmNxe6aJ4sjw5E1wuUbskI6nH5Lmqj8fkg5fYWSnFxdNURZRp0+ocF41bu4/klnw8ttyyd0tkZ\nIyadrZo3aTMnHwlflbfPNhFGnzvBlTkrXFMvyw+9jvlpWmlz8FetxSjJTdNyV7LgWkzuD8JOovt9\nMKzq8c/Zp8M3RUdQk3tj3XiumE9P99ucmsb6T7+TPpZ/azJOXjF7NgU5sbx5GqdJ7P3KltZ0NVOD\nxyjTk/K1LpfBhaa36AikX4M3jJ/cbdxq74KGAF2quUovxaTikvn5Koy8H8do26RRyQlKc15RVJS3\npENbpqf3YKoMDVL/APnY1FUo+X6q424OXkxyw5HF7OL5LNPneOVeTUW9zXq8cMjiovyk+H/2/IRj\n/wDnhVOWbyu76oWbAsWKLb/iN8fANy0+d+Mt4OrRvwyxZsMpZI+U5tuT7TA475Bl2owSwZPGXatM\npAePJLHK4v4OjFx1MFBU4SirbW8Wvk5hbg1EsMpeKTUl4tMKhqMTw5pQu64Zdp8qaXnJ+cZJq+12\nGTTznOPjLz9Kd+3wZ/FwlT2aKNmqxxmm4/rxx3XxZhk9jp6fLHLcmo+Un6lRg1fh91PHumvV+SVW\nd7GnSah4pJN0mZqthyQeiWqisbyzcW0911Rw9VqfutxivSVSyyklFvZGvS6XFqNNk9VZVwmSRHP3\n3FySexHnsoVKyNEuQCotbiJEegFJCbGJq7Avw5P5JP8ABrefJ9pY1J+KObZqw5PuKnyv7hF6xvxt\nlTbUifm1HxsjyrZpCfuIafXQmqARFjdifBFDVq1yiN/1Jcbg/cCN7m/6Xrp6LURmn6XtJe6MFD4J\nR9DxZIZ8UckH5RkrRFJxtLo839A+p/amsGV/w5cP2Z6eStWv/wBnOzGiTUkeU/1R9Ip/7rDHZv1J\nLg9VHbZhkxxy45Qmk4tU0yDx72YvwWtX+UVLY7MJrflhyR4H+AotjENBDQB3uSqmFJe74IuVilKw\nAA37FyMIBiJbdBSboG7dgJgP5DgSTJcbsA+QuxWMBANggBIL6AXQB0FD6EADQIAg/IAAUDSBL3Hf\nSAXwaMOfxj4ty+K6M4iDXqcS8XNbSb3j7Lojpszwzpv0vklhnGacskrlHhe4p6acsX3dqe9ALV5Y\n5pppbpU37mYnCKckm6T7LssG8anCFQW1+5Rm7GpOMrWzQmAG/Fl+7FtvynJ+Lj8fBkzYZYpLyVXu\nhYZvFkUo9GrLkhJSnOSlJxqMV0EV4ZLM6yPeC2+V7C1GKTvIoeMfZdexTG4TTa+aOjjzRzykox/K\n7kFYMeS3HHNvwvc1yxRnh+3FJySe/wC//gyZ8X23cXcL5LNNk8o/atRblal8gZJKnQjbqcCe8GpS\nTqSXv7mNppgCdbm7T5nnUvNeSik3FfzGBjhNwaa5QFuXA5eWTHF/bW/4JafO/H7L28nSl7XyaoTj\nlhJpuELuXxfSOfmh4ZGou0nswL9bDHBKEF4zg6f/AHfJRps0sOVST52Zbhis8Vjr1uX6vgWo0zxY\n45FbhLt+4G3Np45YLyTglF+LfC37OTlxyxyqUXF+zNeDVP7kFmbljj0aM+H7uKc8jUskY3H3avl/\nsEcjsGiTQmFbtJmwww+E0/JyV12WfUtMpr70GnO/GSXb7/8Afk5fG/sdDSZ7Un5Xm28b/wCPkDLp\n4qXljdqUlSf/AAPBplKSc/0u1+6Lp6XJmyZ5wSTi7pf8GfBlcJ+Lk4wb3oohqcPhUo7wlwyg6yx+\ncJQr+Av5/d+5zMuN48soP+V0QVsE2uHVjFwwNK0jeJybSlVpe5kao26TP/JOuO+/gWsxRcVlxqot\ncGN9bzxhEMVdmmEQGKgExMYmFRJRk4tNcoOiLA2Y5qcfJE0nkkkuzHiyeEvjs6OinFZoN8Ps1GOr\nk1P/AGUvC7V+xnlFxfjLlHW8G237PZnP1slPNcf3N9SRx/Pu9XKytbiaJ8kWtzDug90x8DaQEUuH\nXQh87MXHPJFSg3E9Z9B+pf7nF9jLL+JBbX2jyPZbp888GWM8bcZLhksHvpr29xQ2tN2Z/p+shr9M\nsi2ktpL2ZotR4RzV5O+xSjasf+Bo6sqtwsnNWrRDeyiQXsKyW1WAdWxebE/Jq6I7kD5D8i5HyADQ\nJAUN1QIQAMBLfYueNRx3J7vhAV1QMQEAwBFmPH5W3tFcsogAPfYAE3uHIVYJMA+Btf2BbAAktxgD\nAOhpByAA2KqHyAAAAAQk4yTXKNsJLK3km9lzFf0MSJwk4yTAllhKLtxcU+EPHqJQxyx8qXv0a1Ba\nmDflUbun0YZQcXbVECcJePlWxA2YprJFx7rijPkxOMmNXFfRLHPxduKkR4AqJTm51fSoUJyxyTi6\nYmHQHRglq4OEEow2tf8AS+zBkg8U5R9nVoeHNLFLZ7PZo25ljzQjDFG936n/AMgVYJqePxgqzPa/\njsp1Wn+y4tPyjJbMgm8eTZ8Pk6M5QliUpyTUo7pLdP8A4COQFFubH4NLpqysCeDK8U/eL5RqypZ4\nrHjivBfpn/mzAnuadPm8YvFN1CXa6KK4ZJabK5Qe/Bvw6mOXF45F5OVpr/BVqsHlGHhBKUV78ox4\ncksOWM1ynwQS1OneCUbaakrVFunySyQ+1OXjCNyk+69i5Qx5I48sn6N215W+eDNqML0+S4/oluv/\nAAwHmhGeKU8cFCEO2/1GI1uU9RC5SSjDpbGfJ4rI1B3HoKrY4ycJeS5W6E0AHU02RZnCcsm7k1Jc\nVtszNrdPv92CSVLySfD7M+DK8OWMqvxd17nX06xSxOSW01bTd/G5Uc7S55tfZ8kr2i30Sng+5B44\nq5Rbbk/7oq1Wn+xJOLuPTNGn1KyRqS9aVbdpdhXMlFxk4tbpkX8m/WY/O8ijU73Xuq5MLrsgXHBp\nWsl9lQ8U2uDNaCMvCal2tyZqy4lHBPJGcktoryf4KaO996Op00PtqMHNuM3X6V8nI1WB4M0oNp1w\n12iozPcHwMT5IpCoYgE+BdbDDgCNMv0+Wn4vjplD3QLZ/gI6kMs5zjBypN1bOisGCGB3UvJO5d2v\nb3OJhyeSp8o7X0/UeUY4/GMpqSVNfy//ALLqTmRyOwl8GvW6fwrLD/453+xjXyFLr5E6ZKSohWwA\nwe62e6BoXG4CvsfYP3ERXQ+la+Wi1Ckt4PaS+D2eOcM+KOSDuMlaZ8+To7n0D6p9nItPll/Dk/S3\n0zFgzjsnkhW64IG0MUl2g7H5f0Ar5GiTVb9F0YReJ+KuTAUKlCiicHBv2JtPHOi2lkiFZCUIuUqQ\nTg4yaZFNxbr2KizIlF0nuuSCBfIAMAScnSJzj4Ur3AituORuTk7bI9jWwE5YqV2Qouw5E78xThSv\n3IqsayS8fG/T7C7CggEMKKHBObpBJeLaJLI4w8Ukr5fZBgJIkLslGDk6juwEouTpFmTFLHV+1ixy\neKd0a5v72Pa0nbX7EGDgY5RceRcAAdgBQ7EAwEMC3BjUpevhK2BHFkcHVvxfPyasq+/w19uKbTr+\nxXkw+ULjFJ+xHBlaSxTa8HJPfogrUnin6WWuVx9Fty/VfRZmwfch540tk7oz4puEquk9g1qOWHhK\nk7IGnIoRx+EPXJ7uRRkxyg6ls+QiHQhi7KgouxZpQxzxN+mX9ingLAm8T+68cX5b1Y35YZtPZos0\n814uGyk+JFuox3j8pNOapKuwM05ZNRNbK0q2RXLHKP6k1ZdpsixZfUnTVP4NusxfcwKSkqSXigOT\nVAhyTTpioqN0NVH7WOMYt5I8W+yrLp7lJeSeRu2ktkZ4ycJKUXujbpssXhqKX3PLdvtb2QZdPlji\nm/OPlGSpo6E1DOoQlGTjJKSd8bdnP1GHwkpRdxe6ZfotV4/w5y9L4b4iFZM2KWKbjJU0T0+mlmdq\nvG6b9joarFHPatedeW/L2Oask8XlHhSVNAQzwjGbUH5R96KjpThHU4lj0+NOcV6n7/Jz5wcZNPlO\ngIrk0aPVPDNxl+iSpmcSVAdfW4paluGKo44ryj/3Pbj/AN6OTBuE006+TZo8v3JQx5JteFuD/wCA\n1mnU4LNhxuMVH1L26AWXNF43DFcptJOfx8exhy43jl4y552Jwyyx2ourVMrbbe7sioUJ2SfGwUEW\nYM0sXkuYyVSXudDNhx5cLwY4ueRNOOT3utv6HKaN/wBM1OTGp44R8m1a+GUc7JBwlKMlunTIfB19\nZo/Knf8AF/mf/U37HMy45YskoSVSWzRBVXsJqyTI9hSr+oNDaE+CCIhsTCHFuLTR0dFqIwyRyNN1\nyk6OakTwz8JX0+Sj0cZLWaVJOKtvyVcPqjl6nTz0+Txmq7HpdR9nKpx3i0018PY6ssUdXCKc1L//\nACe3Ff8AIHDu9mJqi/UaeWCVteltpP3op/Vv2UQfIrbZIOwIrb9wapgNU1TIF2CfixLnfYVhXbx5\nl40J9UZYTpmrDJBEa3HVDlFxfwRe/AD/AMDxy+3P4YhpXyBZlx2vKLsqhLxe/BZHI1KpcBPFaclS\nQU5RU0ZpRcXRbjnTp8E8kfNWuQjMJbjkqYUUOM3DePIrt2wQWA0Nep0uxDi3GSa5QE54pY2rJxkp\nfq5CUpZYp2uaSIThLFPdUyKeTH4pPpkCc8vkiFPkFAB0BUAAAAX6fKoOntfZQHBBqzwvyl3e6KsO\nRRmlL9PaJYcnPk3dekWbHVya8W3+kC3JFzh5z4S2fuZWqZdimm1HI/SuC3LeWLk4qNf3Ax9jBIbY\nCGJD4AfCHCfjKyIijb5eUPgoyY3D1L9LYseTxdPhl8o+e7/QuSA02dtrG/wn7CzwvG39vwlF1sUO\nLT8kmo9M2aWayemXKi1+SjLjy/ajKl63sn7FMnfO7NOrwfam3H9D3TMvYADC9wfJUAqAApo1xy3B\nPI2n7+6MZZHIvtuE1tyn7ECySeWd1T+C7TZqajkeyvxvhMt03g4XBepLco1GLw9aVRb2QFmswTlF\n55JLhOv8mH8mjLqZ5ccMcntH+5DNgnijFyW0ioqJQnLHNSi6aIiIrqecMmmeylcfH58jFqNJk06U\npcMWnzywT8luns0zS4NYU5J5XNXBJ/8AvuA9JqfLHJTp5Etr4aKNZjc5zzQflBy5XToqg3hzeuF0\n94s3aeWPNicJLwxqtl2/dgYtLknCdQmsd8tj1KxtQx4V5STuUvchqcTxZJJX426fuSWoWPAo4/1y\n/U2gM04PHNxkqkuUyDJt+Ttu2yMtgFdbnX02XJqdNHH4elemcvg47LI5Zxi4qTUXzQE9XhUMr8OH\nvXt8Gdo6unXmlDAk2lc5v56MWrxrHl9Kfi0mrApUU0DiiUeCRlVLgJSlikpQdSXDLnwVZOQNujyL\nJgeOKazq2pLmS9jNqcPhCMpyf3Zcx9l/+qKITeOalF01wzq6SeDMnkzeqcrU13d9FRxXdi5N2r0b\nwSi3+matGfxUUSqpaog0XyRBpewFTVg0TaIvlFRBhY2iJBfgy16Xw/7HR0+qeK4tKceUn7nH4NWD\nJ5LxfKCu3qcX3Yec03mcN4rhNf8A1ucd7S/B1dDrbh9uezSpS5b34M+v0qhNSxJ+LVtf9LvgqMT4\nuiNWT/TsyLVFEAZJkeAE9/yKhu+QfuQb1jlzRKLcWkzbCKpe7M+px+Lszq4tg/PZsU4eP7meE9+T\nT9xShTXqZRDoa9hNNCsqJcksc0k4yIA1f5AnPFS8lt8Bjl0xwnacZPcjkxOKtcBTy4/JWuTP8GnH\nO1T6I5cfaAoBcAxRKhjTEO6AsxZPtybqy5qOTHbe7W25lXJPHLxlvuiAa8ZepbF7rLFVSS2S+Bzg\npwc29+imMnjnutu0AZcfi3W8emV/BsdZIRXT2M84OEgqAMLFywhgAFAm0asWVSbnP1SSpL3MrQ0/\nGSa5TAvzxusniop9EsU1kqM/5Vt8koOOdOUlbW1JlE4PHJ/2IJ58VeqKaiUM2Yszyw8JcRVv5KMs\nFcnH9IFKewwSoAABv4AoC7Fk/lk9ioXAGxttOOyxmaEvt5VJcJluOfmlF/v8ksmN5I+lLZ8gafuR\n1KlGD2rho5+fE8WRxfQYsksUvJPc0ZckZYqS8rVt9phGG+x8objtwJBQFgFAHImMXYFmLI8UrXBv\nbhnjKXTVccHML9NleOSi94t7oCGfE8U9t49OiU9TLJgjikrp8k9V55Mqila6SM8W4TTa4fDAU4OC\nVrnggzo+MdRjSvgwSi4SpklasRNekzY445Ry3fVMyC7Ky3azE5+qqkl/X2/JihN45d1e69zXh1F4\n/Gb9cN4N8EdbppYv4jVKTqvkDR/D1EJuTrE5J3/0t9HLyR8ZOPs2i7BkltiTXjN1uXyxxyJwwxqK\nW85d17AYCL3JyVNq7IsCNMBi6AswZ54JPwdeScWdLLjWpxNQacbX229q23tnJNOj1H25eE36G734\nT9wK/Fwk4yW6dCs6M4Ymp4pJzzr+ZcPswTg4SafKM1YiynJyXdFWRbkWqnwW6XK8OeORK/F8MqkS\njsyo6MnDNjjJqSTm0t7rYyanF9mfunwaNNlXhXtyS1cHPDKVr000q3YHMe5GW/4JsrfsEJ8EGTaF\nXuBAVexKq4CqAi0CuLTRJkXYGvFk8qknTR29JmhmipN3NRUZJ/5+TzMJuE0+joaTO8WWGWNNJ/27\nKLvqUKzX4eKa/r8mO72Z1s+SOfAo+MskqqMr/wAnMyw+26b34a9gKntsJ/HJPZpEQF0Lgdbi/IHc\nwZYyjdlWryxklGPPZzYyceHzwyxO2tzMirN6LsWSqvlFCftwSj7lG1yUor3IVV2Qw5KkXyrIrRUV\njXAt1swugHV7rksck8dOX7FdilG1YEVs7RdjnaplKW++wJ07RRLNjp2ik1wkpqmU5cfi7XAFYcsO\nwQDBfIcAwLsWTxaT/TzRbKDyXKT3oyl2HK00pPZcECxZXilTbr2NU4Rywu1xs/cz5sUmnkrb4Fhy\nK1Cb9Pv7AVSj4toSNOfGpScoLYzcANbh+QC7RQAAASxzcJKS6NjnHNHynwtjDtRPHLxlbVr2IBpw\n36NKazQdKkqtLtinBZlcbrfxXsiiEpYp/joAyYnCTT9+fcgdCKjnhG2qvhdfBjy43jlQEECEMAAF\nuDW5Q94tM04p+Sq69w07hkknml+lJJP2FmxyxTcopqL4II5IebqKrxX9ivHNwbXUlTNEZLJFLhd0\nU5cXilJLat/gDZLFj+zKMY2nupe5zmqdUadNnULhKmpe/QajGvKrvJJ26KMoDlFxk01TRHdADAHs\nACD5QxAadJlUHTpX/N2izWad+rKq9UuDD2dPR6lZEoZN5xW1+wRgxTcJK36btonqcmOb9KbltuWa\n3Tfal5R/TJ7fBTp/D7iWTgmNb4paa6pC7OprMflg9GO3Bcrhe9HLoqC64Ohhzw1EF993KPXvtyc5\noljm8eRSjynYEs2JwXmlUG/TZZhzOeH7M8ihC7t/4I6iTzR+75Jb+Ph7FTxTWNZGn4vawLM7jNpY\nYVGC3fvvyZWi+Wd+CjBKO1Ouykio1tuKxv2EioGHAdkqsiuhoJOcPtxivuXtPtIWp03hjWSCdcNP\nkzYsksUrg6dcnR0+WOfFvc8qfqj/ANS6IOUyE16TXqdPLC4t7xkrtGSTQVV38Ath8sGtgycJuEri\n+DdjnHJGPk7SrZ9M53RPFl+3Jez2YGnV4YyjPJGPi9l4+xgezpqqOvBqXjtbe7rte5j12JKXmvJ+\nT3b4AxC36G1v8C4QREJD5EwIkWSbtiZFR6LsGTwfi3sylsCq7uk1qjOMJRjCPHkl8VZLX4oZMcZY\no7ra1/N8nIwZPL0vrg6ui1KaljzZKilt5cVZRznadC6su1c4ZdRKeKPhFvZFSdc8BEGIskuK4IVf\nAGPT6rwXhPdG6E00qOMnZu0eaLj9uez6ZmVXQi9jXi08pryujHi8VNebpHWxSjPGvAWjLkwyxE8O\nVpmjIv4b8jBdMSjdP1K0tyr8ixZb5LMiTark0iHuNP2FXQ+ChSXaHjxeabsEFuLtcARVwZo9M4jq\nOVeT6XSKKlBraiCGWDi/ghwbJJTiZZwcXuAgFY+CgHYgA04s3lHwnukthZsNXNKk3wUXRox5fPeU\nv0rj3IHgy2/GfSoWfFXrivSxZV4yWSKpPcshmWW1JVsBkAsyRVtxWxCigCgTsAD46DoQwLcOX7b3\n3RryYo5U3acq2+TnmnS5vF+MnsyCOLI8OTnbs05oRzQThtt32U6nF5eWSGyXRDT5fGSUv0v+wFLV\nMDZqMKaTxpbc7mRoBxm4yTXKNmLHiywcpO5y9uTEieLI8c0wHkhLHKnszVhyrLF/dVpfyoUksuLy\nnvNraujOvPDNP/1gT8ZY7yJeiyy1KF9NF+NRzYGk6Tvb2MUW8cnGXACyRSipRVe6LdPki14tfxG1\n4yJqCmmnw0jNkxyxT/5Av1GnUY+fk/w+WY3yb8Op88fjJeU3t+xlz4nia3TtXaKKnwIYgAQwoCJK\nMnFprlAIDd9+LSlkfk/1KK9/kxTjKNSkq8twhJwmpLlBObm7fQG3TZ/uw+zOVbc+69ivVaRQ8543\n/DSW/wAmRNpppnTwZYaiD836nSaS6A5L5Do167AseTyjxJvb2MbAlCSjNOW6vdHQhFzxy3j9qXV8\nI5pp0uVxbi78Hu9roKz5oeE5JbxT2fuVmvUZYSg4JXdO64Zkaa5QCEv7khWEKrZZFUQjsy2+DNUm\nSx5pYcinB00QkyDYHWTw5tH6U5Tql7qTOVqMUsM/Cap1ZZps7wTvmLVNGnWyi4+eb+JOa9Fe2/8A\nyEcwHwNkabKIhVEuERsI0afLXpbq+H7G7PDyjFZF6WuI77s5DNWPL92Ch5PzXAVlyRcZNezIN9HQ\nnD7s35UoNOSdexiz4/tZZQTtLhhFb24INjeyF0RURfA73FLcKNkJtIKFQBdbrY145+cbvdcoyDhL\nwdoI343Hy3I5PG/SRhJTVrhj2T9yqS4E7JpOcqim38DnjlB+Mk017gcFE097XJWO9zCunpdSssVC\nf61wzo6TUPE6k+OjzydO1s0dHTZ/vKpP1r+5Udaerc1XCKrvcojLejVhhsnIoswwtWy6L8Zb/wBQ\njwNx2GmHNXTRXdk4zcV4g8dK7tlREae1CfIIocJPHK1wy3KnOPkn+EVdUycMjhUXVe5BCEnF10Wz\ngpqh5IwljbXPRTiyeMq6YFU4uMqEassFKNoyyVOmAAhcDKAadCCwNmNrNF+T/YzSTi+GKM3F2jVH\nxywdve7IIKX3Y1wlzXZVkg4Sft7iTcXaLcuZTxpd/wCCooYMbi0t0IKBpCYWA9guhIkBq0+RTThN\n89+5HPipuUV6TOnTTrg248sctqSpVv8AJAYc6qMGl7WV58Sfqxp12V5Mbj6l+ht0yS1ElBRW3T+Q\nqloRNwl4+VbFbW4Rdhy+Dad0y+eNyxKndbr9zGatPn8V4ye3T9gIYMzw5PjtGjMo5XGSSUEuSvUY\nk05rZvevgrwzW0Mjfhf9AJ4Z+MkpcdFmSLyppVt/Yg4PK/8AphFUmxY8jVx4aAp9WKdp00yUITzz\nr5v8Es9fpq67IYcssUvJf/sAz4ZYZuL3rsqOt5QzRuvK1X/0cqcXGTTRREA3DsBdiGDAQB2ACJ4s\nssc1KDpogHDA62Vw1GnTa8Yundd+xysuN48koPlOicc2SKSUn4rhf3NE61E/FRXqS9SXfYGCyeLK\n8U1Jbrte5GiLCtGD7U8rjTp/p34LtTi+62oR9UVzwqMCtO1ydDT5/vQUJN+fv7oDnNUJm7Vae25w\nr08pLhGFhASb2IdjsigGJsTCBuyzFkSi4zTlcajv+kr6FYG3HpI045dpy/S7Mc4uEqfJt0eWE5eO\nWm0tm+/ZC1eL7rc04qUVXjW+wVz2yLHJ9EWEJ+4KTi7T3FyhMit+Kay05SpL9SXyQzweWNqFOC59\n10ZsWR452uOzavLM41kUVGLaf/BUc2RFs158aaeSEagtmZHsRS2YhsTYRFgMXyFJrYRIVEFmHJ4O\nnwbcGF5skYRq2c41aTM4zi73i7QHpcOixYsVQ3m1+r2Od9RxuOGDyf8Ayx9L+TZj1sFi83e/KMep\n+7rstqFJbI5cXrfW+rMeRAQzbKSZOEnFpx2ZVZKLoo6+hyrJy/UjpQds81jySxzUoOmjt6XVLNHy\nWzXKLo6+GF7vgsnBNKjPgzKSSNUXXPBz1tllEcMnCaJZJJyZXKqtHSOdTyxXJUt/wNPzpdjlGqNI\nSHyqYhlE8M/F+L4FkwtO47oi6aLcU9qlX7sCGKVPxk3Q82K90RljfKfzRLFk/lb/AHIMzVMC/Ljv\ndGfsoYMT5sYASi91vt2R7ADTNKUW36YV6V7lCdNWEZVzv8BKVuwNMms0U2qjHsytew/JtVexKEHJ\nXwl2BABtU6EA6CwDgBhFtUxDA0SyzzQfCS6HHTS8bls3wV6aahO2dG1OKM2qzKfljcGnst0Z82Jw\nk/b3NGbHta2Yr+7BRV0q8vh+40ZOQJTioydbpdkCo26bN5emfqeyRXnwuPqXDfHsUJtU0a8Wbyi2\n6bW3iwIYcqlUMjVJOrDNB35wVUk3RHJh8YKav5su0+VZF4z3lx+UBXCSyR8W6t7jzQj9peK3RCUW\nsspYk3FdlsZecKjV+/sBRgy/al6laapou1MUt2/KUuK4SKckE5eMFbXJLBlUU1JW+n7MCicXCbjJ\nU0RN2fSqpZHJ3vyuTC+SgbIvYYdAKgHYrACLGLoALdPPJ9xQxtq2VBbTtcgapYsc/TittK5S6Mb9\njTDJLJF41JQjW99lORRTXg29t79yCpkoTcJKSdNdiYq2KOk8qnii5S8Ytepvv4RzZ7ttKk2OMvFr\ny3S6DLlc0lVRXCIIBQ7E2AnyJrckJsIKog92PcGBLDXnG3Svn2LtRkySyfaa3+O77/cy37ElmkpR\nk3biq/YNE8OSpvxfo/V8FT2OpjmpRbik4yi7j8+xj1WB48jai1BvayjNQhvYREJluDL4PxkriyoX\nAHTalPHJOL9Sp1/wc7VY1jyOMXa6Zp0ubyi8U5NRfDM2det0q+AKX7iaJuLqyHZFBHskxc8kCvbg\nQ2gAXA0+0FWNKuANeLI5r5XR1tJqHlxSjkkvNO4yfSODCXjv2bMWVxlGcHTTCPOjEBloxrciNFEk\ny7DmlhmpRf7FA4sD0Wm1CyQUov8Ab2NizOSSvY8zp9Q8E7W6fKO1izxeNSjLZjDW3yKp5b2XBQ8r\nl+BJ/wBzcZrRiyeL34NcXHIt9vY56dF2PLTAukmmItT+7HlIqarZgHQ3v+UILKHLLzSp8WVpk5K1\n8kAL8c014srzY/5kQ4L8c7VMDLWwyzLDxdrgq6+QGAAAWMQ+gDol5y8VHpEQAOQXAcjARLgiMAGI\nOwHZq02aqjJmQafZKOrJfc3b2XBnnFwflHtU17j02dSqMzRNeULaSoyrN5KcXCEUoe7MkkrroveR\nQm4p+h8onkxvLDyglte69jURjslCThNSXKIytAijYpRlBzbcnLbx+SjJCWGdPZvfYWKf25qS3NPi\npLz3n5JpIgswThOt6UP5ff8AJmnNRzNw/SypOWOXaZsx4seeMp8XwvYCG016drW7KM2L7dNPknFy\nxSp8Fz/iRcdq9/YBabUtpQl6nwr7KNRh+2lK0/LlezIyg8c3T4fKFG8k1FvdvsoqCrLc2J4sjjIq\n7AQAAC+A6AOAEKxidAIQ7EAMVjEQLYGOg6AhwPqxtIXwAm/YS3QxNhBwQbY7sTCkxDe4UBPBl+1k\nurTTTR0JRg8Moydr5e11tucvsvyK4Q+3L0T28W+GFZ8sPDI42nT5RCjd/sJxUnNpJJtO/YxSi4um\nmgIdCew3YMISbu0asXhmaeTdxe/yjJwShNwkpR5RFbvFSw/bgk6TVvbe7RzmqZ0IfxoJKShFytfD\nKM2OOT1Yk7S3v/IGR8i5JVQmQIfQJoPkBUP4Q+BfIQlZbin4v4IWJgcsLEhmWh0AABJCAOAJRfRd\nhyyxy59PsUEov3KOviyKSTL4yOPgzPHKm9mdLHO+GblZak9uSSe5TF8FiYRpx5GuzSkpxvl0YEzR\ngy0FSap7hwSbUntyKSp17FAKUdrDsadBFfYJ0SlH2IFGiElNUyjLj8Xa4HF0XpqcaZFZaoFuSyQc\nXvwRTAHsAB2EA6AAoBMAWyAYdhyAAHJElwFFAAwhqTi01yalqHkdSdRS3+TJYXsTBbN+b2VIswZX\nD+HJ1Fvn2IYJRckmWZcaryvcBZYebuEaUVuZ3saMeW4fbm9lv+fgWbC164r0gUVuWYczxS7quipg\nijVki8n8TJJKUlsvchim8M6fD5RCLlOS3/cuyw9Ft3Loguy4fuLd069MfgyKbx3CVlmn1DxyqW6e\n34LtZh+4vuxrZb12Bmy5oyioQVR7vlsp3TslGlJeXBpyYvuxXhW3sNWRlyZJZK823RAb53AqIsAe\n4UAmJkqEwE0IG+gvcBNAw5DoCPe4DEAdAAm7RANkXyMTATYmN8EegAT3AOAEAABFr5AdiYV0NHnW\nSMMWRW4tv4aFqsDyw+5VSjG2vde5gU3CSknTTs6WDJHU4XFzcPGPqXXJRyWhGrVY1f3ILxhLhGVq\nuSBd0KrY3yJ9EFmLJ9uXvF8r3NnpniSVRpbtfzL2Of2aNLlUZKM5NRffsBHVYVDK/FPx5/Bne50s\n001KEYuakl+F+DFlxqGSSXCdICqkkMZH5IgE30O9qF8hB7BYVsG3QHKAB3RlsAIYUwFYIIdjEAE0\n7NGnzOEqk9mZbJJ2vksHZjO1aLoys5Om1Di1GXB0YSdcm4zWhMnF07KoslFlRqxZN774Lmrht+bM\nUWacWVJU9wp01s+QZZNKXG8ivjkBp7kZxrdcD4HfvwEV2SjPxlYpKnfQkBopZYmeUXFk4S8XZbOC\nyR2CsoDcXF0xBDDoQwoCg7AA4GuA5ElQAMOgQAMj8DQDsEIYD44JqblUSsItp2uUBbkg4rytM06f\nLGa8ZJuXx2ZptSjHe37UQi3F2iC/VY1CXlFOmZuDoRnHUY6n1zXuY8kHCTVbWBGLcXaNUJ+SXuZC\nUJeLCJ5MdJy4V8FuHOlh8ZSfkuPgUskfB3u2tjMk2m0uALNRX3G0qTDDlcWlJtRseNxm7m91wvch\nli1vVINRLUKHlcXbKGjRpFjllrLw+C7XY4pXBbr24roQYWLsfQioVibGKgFVgMQC7E+AfIcgDEDB\n7AJ/Ah8iATB7Kxsjz+CAFyArATuw6GLoBCYWHYCEx2J8AD4HiyyxzUo/0IioK6LzLHByyTjkco+K\njHdfuc6UWnuiWOahdxu0LJkeWSculRBXQhsOQExMbDoCxZ3UVLfxZo8VnxRhgUpyTcpbGE1afKlj\neNyeNN3KS5fsBRkg4SpkON2a87jlqGCLcIW/Jrd+7MrZERofQf8AIVQQhMb9xf4A5YMAMtgYgAYB\nYgGMQAMdiGBJO/ybNNqHXjJ7mFMkndNbNFlR24S7sti1RzNLqPL0y5RvhI3rK9PcnGVMqiydhWvF\nkp7dluSN00rbMUJNP4NWPJUeSiNbgDdyb6YANbqn2Qapkkx1ezCIE4T8X8EGq2BoKuyQU1a5MzVb\nMvx5K2Y8uPyVoDOh37C4VAgBDCwAOhsQwFwMHQWAhoOKGAnuOtg5AAAAAa5NqxQnp0o8+5iLcOV4\n2/Z7NEDkpafJV/8A2aZwWoUGtl0V54/d8Wnu1t8lMMksckm34p8AV5IuMnFrcibMqWaPk6Trb5Mf\nRRJcpPg1wUaca2f9zDZdiyVs/wCpERnHxy1wr/oSy+Xk4ve99uy2cPOLSW5R5ShJX/LsFR8JRgpc\nKzdpsyzw+1NJVHn33WxVUMuPycmvj2M0k8ct+gJ58PjOTj+i9ig6cXj1eO5bOP6ku9jFqccYT9F+\nPTYFAAACoQ2JlC7EMQCYDEAmRJMVdgITGIAI0SEBHcRIjbsgVA+AYdAITH8iAXYmMRFJ8iobEtwE\n0HQ2KwFyJ7DTFe/ACfwJt0SVUKvYCyWom4xSqNKtlVlQcoK2IlFgxpCfIQCe4XbHwByuAJNETLoA\nAAgGIAGgEOwDgaECAfDGn2iJJMCabT8lyb9Nn81TfqRzU6ZOLcX5I1KjuQlZYmYdPnU18muE0zSL\nouycJe5VFkkwNKdjRVCXRYuCiYCTHYQ2r/JW009yY5Rv8gVluOfRUxhU8uP+ZFFGrHO9mV5cdbrg\ngqAEHZQdj6F2ADSAOAAOxkRgMECEgGhghEAM1aXRTztNqo+5HV6aWnnVenpk1cQxZXH08Xw/Ynkw\n1FxivKSdtoz8mnTZUqjP32ZUZ22l43x0WPB/BWSLtdk9Tj9TlB+Xv8FFuqvYCDQ+KLY4JyXy+F2y\npqnuUX4sjkvHv3JZYKUWopt82ZU6ZqxZbVdkRRjm8c0+a6NGSMckPJbbbFOdRVVzW5HFkcbXTVBU\nccnimn7Pg6E4R1ePzi2lfHt8lGbGpY7q5UirTZ3hyJvjtAUyi4tpkDqarHDPB5o+mPj6Uc2SrkCI\nnuH4AoQhsXICFYxcAAhiIExDEUJiH1uJ+wCsT4HwKwAiS4FyQRDgb24EAmL4GJ2FCoXAAyBMS2HS\nE+Ahb8Ax9C5QUugdtDSDnoiED4JNCe4Cf9hdDoTYCEwbYPgI5wmh2Bh0QCxtCKAAAIBiGAWAlyMA\nGIAHRKLaIjAshN45JxOngzLJG0clMsxZHjla4NSpjuQkTTMeHKpq0zTF2aRcmWxl0UJk0wNA18lU\nJdMsKiQ/wRXBJADXkr7K+ywUo3ugqKdP5LoS8lTKBxdOwHkxuO/RWaotTjTKMkPF/BBAAAoBoAYA\nOhICBguBF2LDLNJRgrC4rSbdJXZ09H9Oup5ePY06XRQwLylvI1o53r/jUiNxxqor9kRzYo6nF4y2\nf+AS8W0+Xwxtu00tzGq4GowywZHCSKl8HoNbpVqMftNcM4WTG8c3GS3R1l1ixdjyymlBUnTTb7Kf\ntyUPPpMinRrxyjnhJNVUTSDTahPJ6v1PZMp1Ud1JRpPb+hDJCWOVrrtF2LKpQdrylfFdAZOBptcE\n8uPwa+VZWBZCHk7b2DNCncVtRGEnFmmLjJe6AqwZnF+PNvsebC27jTk3ukV58f25vx4H/uKj6I1J\nqnJv/AE9LnWNuORXBqier07kvuxdrlbddGKzbotUo3DI3XV7gYRdG3VaaMcmRp7r1V8GJlEQGJgJ\n7MLBiIB8CGRsAEMTAXfwJjBlEOwH2L5AQdgBAhPZD4YuQpUDHwiNgD5EMSIhUA3sxBS5AaDgIKF8\nErI/JAnuAMT9ggbEN7CoBA0Omx+NK3/QK5fAMB0YbL8kWiTDoCADaEADEBUMBWSVMKQEvFD8UER3\nAkkrBxVAIkmRAC/DleOS9jqYsilVM40X7l+nzfbnT4NSo7MZdE1yZsWRPdMuU7NItT9i6Er2M6om\nnW6A0j5K4OyZQ0hrmxIaYEZx7RGy1EJRp2uACMqdl+2SJnJxl4sCucHGRE1yiskTM4uLpkCYAF7A\nMOgScnSOlpPp9pSyr9iW4rPpdHPPK3tH3OvixY9NCoqvknGKjGopKiuMXKT8+ujl1dbkDlOfGyLc\nc+nyRUt0kqQpRala4MtYucfJbifoV1fyKE/L8om90VkoSbW6pmT6ho1mj5wXrS/qXyTjNvlFkZWl\ndXRqeI8xKLi6fKJQm4StOmdT6jovK82Nb9pHJezpnSXWWr/5kq9OJPczpyxZPKNqnsPFN45L22te\n5oyNZoJWlFfzy/wVChkhVqHlKV+V9GXNDwyOPJOMpYp7PZpr8ov+1HLCoJN7brn9wMZPHPwZCScW\n0+URA1yqSbk/SZZKpNJj83410ChatugIBw77ATA6OkyLOvDJTnezl7GXV6Z6eW+6fDKoScJJp007\nOrPJj1eNwjTlXHfAHGEy3Nilim4yVMqSoBMQwf5AiwbDoW9FCExgAmxMYmAlvuL4GL8kAxcB0GzQ\nC5EkrsYgBsiSZGwoFY2yLIh8g0CWxIBJUhWNv+hF0ECExtojuAMBjq3sQRewRg+eibSire79iDk2\nvgAlJJVHn3I2+XyLsL3IObuA2hGXQWHIVuDCAi1TJIH8gQAbEUAxAA7Y/KiJKrAaZJLtkUqHfQUS\nrlEeSfD+BSXsER7JpkQsDXp87xvxfDOljkn+5xE7/Y16bO01CTNSpXWT2JplEJWiyLNIuTrgtUrR\nRFk4ugLyRXFp7k0A0MQFRGUa/Ai3nZkJRoKcJuLLJxU47clDLMeSnRBS006ZPFhnll4wVmyGkedp\n8L3OjhwwwxqCM3rGpFWl0UcKTlvI1rYRDNGUsbUXu00c7dVZaqyvy8ns6l7EcEl4qO9/JKScXa42\nCnvKHG4WoLd230J3LeHJLHjrd7szi6WGDUvJ/wBC8QWVKJJSVPgplGUG3dJdl4mlJb8FQRkpJqv6\nnI+o6JwbyQXp/wAHVS8W1BX27ZJpTg1JbNFlwry5OOSqTVpdGnXaN6edx3g/7GNs6awvyxbUpz9L\nr0xIYM8sTdPnkSn2931ZCUvKTfuUassFk9MK2V+XujHKO5fgybqEn6G7JZsD8VKKqlbVgZbD9xvk\niUTxKMpNSdEHsyeGahkUmk66NGqxXc/5r4XFfAGIniySxTU4OmiJEg6WZwz6fzjUslXL3RzWi7S5\n5YZ7Ok9ntexuzYcctO3hSdq/3A5RF7kmmm76I0yhCfI6FaAQMG6ABMiyT5FRAhDFsAhXY7IlDsi+\nR9iIBsQ6D4Co/IMfYluRDD8hQBCfAnYwIEFbklG+B+mK92UR8e7pBKdbR2FJ27fZHkiovcfwFf1B\n/wBwhUJ0MRFc/kTWwovclZltECTIgAAMBNEOCzYTVgQAGgKgBACAnF+45bvYgSTCpJ2qEnTph3aG\n1f5AJK90R6HF77jlHfbgIXBJO+OSA02ijfptRxGRvjNHDT77N+m1HkvGT3NSpXSiySZQpbbFqZUX\nRlVFylZmvgshKn8FFyZJbkU+xp/1IJIb3VMjZLHCWR0kBX4vyqrN+l0W6lk49i/Bpo493Tl7mlcm\nL01IElFUlSJIQGFMfYrvgQFeeCUXLekrpc2TxzU4pPnv4JplM4LHJz3/ACv+QJNvF+Gy2L8o2iEZ\nLJHj+o8cHG7dgWDEADGIABrtckITp+Lu72LCGSDe69n/AOoB5ccc2NxmrTPP6rTS0+RxfHTO/jmn\n6W90R1OCOoxOMlv0zUuJXmxNblubFLDNxmt0VHRkGrTZrj9uStuqbZlYra4A06zGrc4ra9zK0bcO\nZZko5Ol/6zNnxOEm69LboCo16PUKL+3k3T/TfRjYdlGvV6ZwX3I7pveujGzbh1LcPtuPk9+TNnxq\nDSTuVer4ZBUatFqnhl4OvCT3tcGQANeo0z81GCtP+a9nuYntZv0moUo/7fK/QyOs0n2YqUU2u2Bi\n6I7EiLfwUDREnyQ9wBi+BiZAnYmOrIlBQmMT3IEIbsQBuIdCALHQUxX/AEIgbAGSjHyAhuTUKVy2\n+AtR43+SMnb3Abn1HZIhzuHYVuQJiew2vYTAX5B8iYLYAE9xiIOWmTT6KxpmXRatyNbgmSAgMGmA\nC72G1sFAAmtiFFnAmtrQERAMoQ1sIYE0x9ladcE47gNpuVjXp54YcKyF2RA6vbgBJj4KGttyxPe1\nyVEk6ZR0tLn8tnybIys4sJOMvKJ0dPnU0t9zUqWNsWTTKYssT22Ki6Eq5LU9yiLNOk8JZaycBV2n\n08srt7ROlixxxqooI7KlwSTOVutRIdkR3uQSsVsQATYmCGAJEmk1T4AVgNJLZEiJRqdRLEvTFW6p\ny4A0jK8WSOSOzTrmiwBgIdhTAhGalKS/6diYRCcPmlzYQyeUqS23RMqmpqXlH9K6QFet0i1GO1tN\ncM8/OLhJxkqa5R6mMlJGD6lovvR+5jXrXK9zXNSxxBMbXi6EzogUnGSa2a7NyX38cXJquK/8GBks\nc3Bpp8BBmxyxSqSr2+Sto2SljyQ9bbm16fj4MuSDxy8ZcrlAQJvJFRpRttU2yAgEIbYgD5Ohp86z\n4nhyNJRSr59znv4BOgJ58ahkko7xXZVRfLNLJ6VtjXESOTE4cpr8gUsX5H2RfIAJgJgDF0MXFgIj\nZKvYTaAViZKxVuAtxrgOBvcgVipt0SUb52Q/JL9K/cIVKPP9CMpt/gJO2IAE9w5BkUfnsGxN2JsI\nBDEwDkTfQdi5AKsAYyK475GSqyLVMy2kmSiytMlfsBYRfIJjYEexhQMAYIQ0BFoiTYmvYBADEUMa\ndCAIsiyMo0JPcsW6IqEY2TVcMGqQcx25Ahw6CiaSa+RNVZUEW0WQk4SUkypEov3KOrgzKcbTNSlR\nxMeR45Jp7HTw5lOKdmpUa4ssi6KYvsmmB19Fq/Ksc3vWz9zd2eejJxdrk6ul1X3F4y/UjFiyttgv\ncSdgZVNMaRFEkA1yNCEBITBDAIzT4dhOKmqasp/+OWy5Loy8laewFGNvT+MX+lJ8Lj2NUZKStbpl\neWHmtv1LgqxZJY2oSVNr9v8A34A1kJwU6bvb5JWAGSEoYfGM1Pym+ejVjn5pvhXS+SOaH3MbiUwb\nlljGT8fBJ+KfAGwGrTXuQjNTunw6JAV1JT2/9RanYuUyG9+K2A531PRc5sa/KRyeD1WztPc4v1HR\nPDJ5Ma9DfHsb5qWOc+QYWFm2Tx5ZY78a3+AjGWRtrf5ZA0YdR9uHjSvyTv2AzyTToi9zbqIRyyvE\nvUk3L2MTQC7ABMBPYBsXLCnGTi0/Y2Jxywf/AFU92YWTx5HBgLNjcHuio6UqzY3wu0jBkh4y3CK7\n3Cg4YgAQxP3CkJ8jEEJ0H4HyxqNJt7ICKTf5J+mPO7IuW1R2RBsgnKTZGV9CsLsIGrBoQBR0JhfQ\nm0QNisTewr3Al0JpcgACBgNxb3IBKySihpUhbvgi44/YMYiNINUwJNWxcASTJIrT3JJ2BNiGmNog\niAMOig7AA5Ai49kS3og0BEYhlQDTEAVaqezFw6IxfRPZ7EBJcNfuP9a+QTp7iqmERkqAsfqXyVFF\nkX7luPK8UrXDM/5JQd7Mo7OHKpLYvgzj4MrxSSb9J0sU1JXZrUa0yeObi01s0UxlsTiwO1pM6zR/\n7kakcHFkljkpRdHX0+dZoWue0YsxY0DRGxmVSsCvz9VV+5MCvykp2y5MhKNkISalbv8AAF0lapla\nvHslsv7lidqxTj5J/wBgJp2RniU6b6FjXit3dk0wHFeKS9iREYUyrJiUnapc3tuywYGRvInJJfba\n9cV7+9muE/OKfFpOvYjkUmvTV/JnxxyR8HT80/Gd9r3CNgpx8lzT6CxgVqSjfPkTlFZIOMls1uh0\nk77YvPekr937AcDXaR6bI6VwfDMZ6jPhjnxOE+H/AGPParTS0+Vxa26fudObrNjP2CAKNIuwZWk8\nd1btP5JZ8cXi8ox3i0n/AEMy5NWPNHI6mljilt4/3AxvYRdqMPhco7wukylutgAT5BisAIjYPgKt\nw5PGSLdQ4SjSRjvcvwKM8njNvdbV2EUNdEWjbrMCivKCSUUk0v8AkxXQA9+CIxcsA+AUWyXio7t/\nsKUm17IAbjFend+5Btvl2DERSewh2LkBWF0HwAB0JsHwRTqwHf8AUTB7uxNgNtisFuhEDuv3GtyJ\nKFcASivcnaQvgVdsyp8kuEJUDaSIrjMNgDoAItEgArewJkmrI0EWJkovYqTJphU2RGnYNXwAkmDA\nEAWAB0BFoiWEGuwAAAoOCcZIrJWQW1aQpPYgpNBdgPytB0RGVDGtuCK3GgJxdo06fO8cvGXBk4Jr\n1KuyjtY5p8F0XscnS5/FqMjpQlaNRGhMuw5nhmmmZk/cmmB3cOeOWNp71x7FyOHgzPFNPlex2MWR\nZIKSfK3OdmNHkTq49DhkVK9myRVNOKtcIiryE49oMc/KN9rYmEKKpFiIDQDGkAASI5HJR9CuXQ7I\nqXvtvSCo48nq8JP1c7lyMmTGoecuU90m+/yX4Z+cFza5tAWkMs3CDklb4X5JCnBZIOMuGBCc543j\nbpqTSl8X7fuXGbLJwmoSkoxq/J/4LMGXzgvKrd18r3CLiElUKjtTXBIYEIyTk6lfVFer0sdTicWv\nUuGSlDx3jad3sSxz8o/K2f5A8xmxSxZHCSporPRa/RrUY24r+IlseflFxk4tU0dJdZxFoVuwF+TS\nNuCcdQpRyUm0o7d/JlzYZYpU1s+GRjJxla6NynHPFNrypfp+QOc+QexPNBwm013tZWAER3uIBMFt\nve6Cg6CujhzLJhUcrTrruVdGLUYXjk2rcG/S32VxbUrXKZ0oZIZ8fjLmPqkvcI5fi+9l7g5U/Siz\nUeSyO00m9k10UtgJisbIgDB8gIihiDsGEITBg/cKXIPYQBC+ADvZByFL4EMVbAAJ7hdCILk0Hmil\n7disirnkX7kbt7srsL5IawPYXIxEUxUMOABbEWrJUAFfA0xyXZECxPcmmUplikA6ESXAUBEEHYcg\nFBQBQEZKhWT5ItUArBC7GVDAQwoGIAhgAAMknXZHgOgLb8q90bNLqP5ZPdGBOnZNO91yijtwkWp2\nc7S6jy2l+o2xkaRenZp0uoeKav8AT2Y1L2JxYHoITU4pxdpkuUcnRaj7cvGX6WdVNNbHOzGkkktk\nSshZIimMihkErAqy+W1cEsc/L9gEpvyae+/9AyJ7ST2TtDnC911/cWK2qr0lRKLU14y3a34K0pQn\nKm5SdfguikiSIpodiGApwUluk31aswZ5ww5ccE35+Sbftx0aNZqVp8TlzJ8fk5GnlLNKeWcryJ2j\nUiO3p8zzJtx8fZPkuMcaWRuPk5QVt3zfRox5FkhGXHkrogsfDopcHDdbu7r3LhckCxz8lZz/AKno\nlki82Netcr3NTvFL0q2+vcvW63LLg8m1W3Ajq/VdDT+9iW3aRyWdZdZpUSxZHjkmiIio2zhHPXqu\ncopp/wDBhmqdMtw5Hjk+Kap2XZsXkn4eprdy6aoKx0IbT4Dxb4AiNLa3wSdRXuyDbb3AJOlSDHN4\n5qSZF3QgN0njyYfKXDtR3txZhnFxe6pk8OX7UrcVJdpl04Ry44rybzNJr/wEZGJ8EmnF7kWFIQ7s\nTZAuhXY2yL5ALsABgR6FdDF0EF9iuwfABQ0JMOhfJAyNgt2ABewbCYgG3v8AAPYjuG1EGMQAZaAc\njAADkBWAMTW2xKgroIrJJhJexEKtTJrdFKe5ZHkAargSJsi0QHYdiewIoOGAMAItCJ1ZF7BCGICq\nLGIYQDQkNMBjTEgsKY4tx3IjCLYtpqUeUdDTajzXs0cxOiyMnF+UWWDtQkWp9mHBmWRLfc1RkaRc\nmb9Fqqfhke3T9jnRZNSJZo9AvgZz9FqvJLHN7rg3pnOzGkhkbHZA9mVuLi1X7FiY0A1dKxkRhTH0\nIEwJWMiFgLLijmg4zVpo5+D6T9qbbyfijpWMuoqlhXg/FLycfG32CjDClKbtrhvr4LSvLhhkT8ld\nqgHizLI5RcXGUeU/8lpiWSGKanLI8m3jft7s2XYD2f7FMpOORJtt1fivyWilHyremndkDdSVPdM4\nP1LQ/Yl5416H/Y7eLaNU6seSMM2Nxkk4tUalwseUEatbpJaXI1u4vhmSzprIZdp8i8owl+nytP2K\nkr/CF5Jfp59yjRmxxnNPGm/JW18maUmtuEX4s11B0kt0nw2LUwXjGSj4yW0v+CIzN2xdjZFooHuJ\n8jE0FK2W4c32047JviX/AEv3KmJgatThXj6E3KO8m+/kxvk2YtR5xjiShHtybMzxyac0tl2QVt7i\nJNbkW6QA0Id7CCExPkHfsCaAVCGJ8BSbAJIT3AOBMe37iIFwABewCE2OyOyAOAC/YW4GQQwZhokP\noAAExbMfYcAHAhsQD6ItbElsAFZKLBoiBanvuTRVF+5OL3AGthVRPlEaYBsIB8gAmrAYEGIm1ZEB\nAFgVDQBwADQCGAWMQ0AyUZNP4I9jQF0ZPG1KLOlgzKcbOSpUqZbjySxT8l+kso7UWWIx4syyRtM0\nKWxpF0XT2Opo9UsqUZfqX9zkRexOMnFpp00SzR6Cx2ZdLqFmhvtJcmlM5tJWFkbGiKkMiMCQCGA7\nGRHYDGRsYDGQclHlpfkkBmyaXuCTTd+Le13u7JYck1lcJS84Vfn83wXmPPhyLK8kKUUuLpP3X/2V\nG2xmfTyl4xjTcYqnJ82i8gJW1sVKSi4RXFbr29i0ryY1Lrlp7OuwpajDDUYnGW6fDPO6jTvTZXGa\n/HyekUlGMU3b2WxTrdLHU4mv51wzUuJY81KVohRblxyxTcJqmis6Ml+DXhyxnBrJ6t02v7bGQIyc\nZJrlFRPNiePxfUik3QyRzY5Kaubt7cJ9GTLilim4yXDAgRsYiKGR5ZJkWAfg0YsilFRlytvhmZ8h\nbT2FWJ5o+qUo/pvYq4Rrh4ZYuc3W3C6Zny43jUXLby49yQqvoVVY7EVCv2FW1j+RALsAoXAUMi9i\nTZGyIYvcBWArExvYLAKsToAYUthPgGLcDKAkMwoTBuw/AAIEHAAMEAAFgDAA2ISVE3sKrAgicWRa\noSYF0WSbsqTJp7gDQidCexBFDFYFD6EwGBWMbiRewQAAygsYg5AaGK9wAdhYqHYDROMunwQsYGjD\nleKf/adLHNSVpnHi7VM0afO8UvFv0ssqOvFk7M8JprYtTs0i/FlljkpRe52NPmWaHkufY4SZfgzS\nxTTj30Zs1Y7iHZVhyrLFSTLEc20hkUx2BKx2RQwHYyN7jAkFkJNpbKxQnezYFefFtKcXculLdFuG\nalCuGumyTSap7mZw+w6g3bltf/8AygNYNKSqStEMc/OKbTi/ZkwKc+TxccatOfdcIm8ygrmnG3S7\nJPdVwZ/szlHHDJkdRjUq/mA1WMqeWEZqLaTfCJ2BFwqSpbWLHLauvd/kmQaSacmqXAGX6loVqIec\nF/EX9zz804tpqmesi207VbnL+q6D7iebGvUv1Jdm+azY4jAbVMibRLHkljmpRe6NGbJGWGlctk23\nymZSUJuNq34P9SXYFdOrFvwbZRxzxpJpfj3Mk4uEmnyUQ/ImD5AIQuR2J+4E4ZHjbpJ3tuiE5ym7\nk7fyKxEUWRGIBWIaBvYAsToGRAbXRHofYn7gJ7gwYrAAtB1uRIAEC+BbACEF1+BXYVmG4SjFNrZk\n/F4slTXBbkcHjdu30c1ZnwAhlCGAbAAAwAS5H3Yh/AByAAwB7kGqJiaAiiUWRaoEwLk/cdWVxkWR\nluBFqgSJPci0AhgIB2KUbGgXIFYyUo9ohQDD8iHZQDEAQ0CBAA0NMQASslFpquyA0Br02d42oz46\nZ0YztJo41+S+TVpdQ16JPjgsqOomSTKoSTRNPY0NWn1EsM7/AJe0dfHNZIqUXszgWa9HqXikk/0v\nkz1FldixpkIyUkmt0SRzVIBAFSHZEUpVwBMjtBOVBCV7drklyAQmpK0qQ2k/yUuPjJtXb4+C2N+K\nvmtwKseOUW4wtLytt+3OxoEJulb2QEivPCU8bUJOMumiUJxyK4tNJ1sSAzQxSyxi8kpJppuL+C/7\nsPufb8l5+xXqFkcLxP1Rd17/AAKOG5xnKTdbpVQGiwpWILCHYnuABXE+qfT/ALcnmxL0PlLo5R6+\nSUlTV2ee+o6J6eflH/4337HTms2MHYMANInjyOGzbUW+iycfPHFTXi+m+zO90Thk2qSt9W+AKpKn\nRGtjVmTyJzklCS6Mt9FQdCDrkW6QB2LgfAiKVbiZJ8kWAmthcbDYuwDoj2P3EAmHI7sRAt+2L4G3\n0IBdh38DVCoBNXxsJ/A/dC4YCfAqHwFUFRz1GCjN3kXZmsHJt7glT3OamkAmxWUMKCwAaYmMOQES\nF8DAQD5EAAIfQCe6ItUTBq0BAnFkGqBOgL07CtitMsTv8EEWqBEmmyLAAEkMoBSXYwAgLslKNCfA\nQB+BD6KAABbgMAAB2MSGA1aJrf8AJBPcLoDfpc7fpk9zfCWxxU7qSdNG7TajzXi/1I1KjensSTop\niyaZUdDRarwahJ+l8fB1E73PPJnQ0Wrp/byPbpmOo1K6dhZFMZhpKwavZivYYFUrg7f7F8XaVkaT\n53G2lywh2F0QWRSfwSAlZHJHzi0nTrYd0Cd8cBVWKSxY0nFRVv8AcvuynNjWRX2k6/p0RxZPDxxz\ndvhP3A0DEADAQAMLEADK8uOObG4TVpk7AI8xrdLPS5Wn+l8MzWeq1WnhqMThJfh+x5rUaeWnyuEl\nudJdSqWIfAM0i2GRyj4red3v2Gox1K69T5S6KU6la5RfDJKTbVWl6r7AzNC6ZblhTtbrvbgpfACd\nML2D8BygFdCsGv6i/IC4FySuxNgJ/AkNug43ZBGhUNsH8BSYrtD5EAhA2DrgAEN2KyAI30O63E9w\nMy9xdkuCDe5lQ2CRPFilkkklZqnCEGsbj/8A7EGMF7FmXE8baa/D9yvgoYCQwFwMAsAChDABWNio\nB8ADrsACrRCqLCLjaAinRZGRW1QIDQnsJx7K4stTvYCHDBkpK0R4IBcADAoCLiSvYOVuBX+AG1Qi\nhgAgiQdCBAMdkeyQD/AWIAJRlTLPKmpQ2aKiUXW6A6Wm1CyR+UaovY40ZOL8onR0+ZZIo1KjZFkl\ntv2VRaolewHW0Wr80oZH6umbkeejKmmtmdbSalZYqMn60Y6iytiGRsL/AKGWkrKnvkqfHRMGrVFR\nJxTVEYT5i+UQUpfp4aIx39N+roIvkvJckccnGXi+HwEJXs9mglBSe/8AQKtspzYuZRVv26b6ZYNM\nilicnBOezrgmIAGAgAY7IhYDCxAAzLr9ItTidJfcXDNQhqPJZccsU3GSppkGeg+p6BaiP3IL+Iuv\nc8+14t3ydZdZpf4EnumD9wZUbMco5INyd2t17GTIlGbUXcR+S8KqnezJRxRlTvvoKooXBZlxuEqk\nVsBBsw5X5EAMjySI9gJi/wAAwAKEAkyAFyMTaAVULsl2RewU7E6AX+CAvYXIxK6KM1bEWhptA0YV\nbp8zxPbjs3fdTV2vBLns5fDGpOqt0TBdn1Esza/l6RSgsAJRi5OkrE006ZPFPx24snqJxnXi7/ag\nqngAAqEP8C45GAAw5CgAK3AACgGL/ICkrRFk2JoBJ7FkZFQ4sC9O0KSIwkWLcgraETkt9uCJQIKB\nAA3TK5KiYcgVjBqmLcIaDgAKoGIAhgHwADGKwsCcZeL+GWQm8cvKPBSShLb4A6uLMpxtM0J7HHxZ\nHilfMTpYsilFNPZmpUaEycJyhJSi6aZTFk09gO3pdRHND/uXKNHKOBiyyxyUovdHX02pWZezXRiz\nGpWhulZHHJtb8kuSqUKmpRey6ILZRUl8ldOUttpJlkJNxtqhTjdNbNANxdJr9SHGal8EHlpVTv2H\nCL8nJ7fARbYfkSYWRUgI38jsKYCABgFisBgKxgNAyNjsA6OT9W0HknmxLdfqSOsJpNUWXErx9CZ1\nfqugeJvNiXofK9jlM6S6yGTw5ftyTe6fJWD4KNeRRywq7dWm+jHJVsWYcjivG6T+LLMkPuQVVfTv\nkDKHQNU6YmwEw9hXuJsAYr6GKqIF7Ce3A3yKwBiewdh8hSFvYA2AVxZFkr9xALlD9gZKMHLggxBY\nchwZUPcXA7BqwDZjRHgd9gHYdhvY+EAroLsXIwHQAnuADsTAOQAAGuQFQB2AADGLYBNWiPBMUkAk\n6LIyKhxdAaNmRcdxKW5MghwIk0RAYmAIoGrXyRXs+SQmu+wIsBrfYT5AA6AAGAugKhjALAEwEiXY\nEoy6fBfhyvFKn+lmZvYlGXTA7EJppNbplqOVgzPHLxk/T7nRhO97Nai/xlFbotwZZYsikv3Ko5v4\nU4tvfgUU3wFd/Dljlj5Rf7FhxNNqJYJ312jsY8inFSi7TOdmKsQIQWQFJO63GhJjKHdBZS7jK221\n7FkZKStPYKhP0S8t6Jwl5K+H7De6/JVvCXw/7hF6YEUOyKY7IgBIBcisB2AhgOwFYWASipxcZJNP\no859R0T02S4745Pb4PRlebDDPjcJq0yy4ljyXAnyadbpZ6XK4tem9n7mXs6MjsvxTi68rtcMo7sF\nKnae5RdqUnUtlJ9Ga+fcs+4kuLb5srfJAcKiLHL3I02/gobEwe6AgjIKB+7BAK7sTJbUDh6U62Co\nchW69hgotukgLdRhSip494P+xUoOXCNWJShBxm7i+h0kqX9CQUxwrmX9C3ZP2QUyLainb2Ky5S2B\nCDsw2d7kiPCBMB0KnY0w6AXAm7CQLYCUccnG6dcBXR08OXG9PGCVMy6nFHmFKud+yarKh30DHGEp\nK0VCQB2LsBgLgOAH0AhgA62EwQAuQsA/IEWuxFj3INAEZUy1SKCcX7gXvci0EX7EuSCuqGDQrAQ2\nw/AFCku0JK/ySDxAg1QDd2RsBh0IColewciQASCwEA1wNMV7ByBZF2qZp02fwfhIx3uTUvJLpgdi\nEltvsdXTQg4eSo87ps2/hPno6OHUSx/pexOpqy416zFGL84vnlD0eqeKXjLeL/sUY1PPOm3+Qy43\nik10WTzCu9Cfkk09mM5Oj1f234Sfp/wdSMk1yZswO9xpiaIp0wJyjaplf6JtVtyWWDSCmN7CYkRE\nrC6EADsZHgdhQMVgAwsQAMLEAEhWIYFGr00NVicZLfp+x5jU4J6fI4TW6/uetMmv0a1OJ0qmuGal\nxLHl3xQVSJ5Mcsc3GSprYgv7m2QyLdok9mIojyF2hiAT2DoAbsgTI8khJWFXRxRnhuD9ceV8DwSU\nl9qfD4fsx4YShLy4LJePk2o027JhqlYPF+p7WTUVHhfuT/IVsVEQe3Zny6uOO1HdoxZdRPLy6XsN\nGrLq4wtQ3ZjyZp5OXt7EKbDYzq4L3HwFCbIofJZih5Pd0uWyuticZVddoBy8d1FfuQCwsAasV7jT\nE0BdhzPG6VUxZpXkk09m2VJ0NogfRbjl5JQWy5KSSdOyi7NCLTnHrYoJTyOS32XwRvYAAFuC4AAY\nAADECIB8DrYQFDAXA/wBCSIplrISjQDjItiyglGVAaGrK2qJKVjaTIKw6HVNircoOx3uLgFyANWy\nFUywTVr5AgCQqGAAJDKhgJDIAYmMoBrYiMCxS8vho26bUX6ZcnOTrctTv1LZoDt6fP8AalaNmoz4\n8uLj1HG0+dTVPaSNUKk6bqyiaZ0NDq6qE3+GZnpnVqRU14Sp8oX1HoU7E0YNFqvJKE36lw/c3p2Y\nvjQsf5DgLIHdByIUrUXXIUwlfi65K1P1eLe5YuCorg1F1uWplcop2+yOOblJpu10BeFkUxkUwsTA\nBgIAGFisLAkIEHyBzvqmhWeDyQXriv6nn5RcXT5PYHH+raC/42Jf/kkalZscV2+RPYb9mJm0JOxP\nYtnilBJtbNFXIAJq+CzHilIujjjHndgUwxOT+C6OOMOFbJVtsOiiNXyPkrzZ4Yl6nv7GDPrZ5LUf\nTEDZm1UMV72/ZHPzaqeV81H2RS7u32NGLVwqsKHYEUWAUACbtglQLkYAAByAdAjZL7WnjGLxqcmr\ndlWpxxi1KH6ZK0QUcggDsoJISdbDsGgAOxJ0PnfoAE2DYIARJCBASF2F7ByAMA6HVAIOQDsAQ7Cw\nIEDGJooi1W4iyl2VyVATjItT2M6ZOEgLWiLRJOxtbEFbD8Da3EAIYueAKFJWR4LCEo0AkAhgAAHY\nAhiCyoYAHdhTGnTtCAC1NpqUXujdgzLJHd7+xzoutyyMnH1Q/cI7cdRPw8FwuyUMTl6m93wvcw4M\nynHy7NuLO4qMWk4lQt45NtmjraLVLLHxk/Uv7nJyzjKbcFSsWPJLHNSi6aFmj0QN0n8GXSapZ1XE\nktzVyjm0jGTb3aZIrlHe1t2EZ+TprgKcoXutmEJ+TaqqJMhGKUrAs5RGMFF7DsYANP3I2AErCyKZ\nK9gAAEmAwEMAsdkXsOwBypXQ9pKumJDSSVIDgfVfp7xTeXEvQ+l0YsenlJ3LZHrJQU4uMlaZxNdp\n54Jtr9D4Zvms2K4OEYOEt/YxvFCMr5J238DS9zUiaSftwFWxTnHGrk6Rgz/UG7jiVfJfiNuTNDEv\nU0YM+vlO1DZe/ZklKU5XJttiSM2tYG3J3J2wY6F2ZUdBwgB8gKxgDAAB9BW4AAlyNgBbhhCduUvE\nqAK3yzadRSlc2ls2jJlzfdldUkqS9isEQFAAioOySEuLFYDpNjeyFdvcb3AhyzfodJHPjk5PfhGE\n1aLULBl8pN+L5olINTpZaerapmbg2avUwzJvl8L4MYhQuBlmHxVynwuF7hlxtV71bXsBXYWAIod9\nCBhQAMSCgAAD8gFh0AwK5KgTJte5BqmBOMtkWxdqjOi2DAnJEaonygaIK/kOA4AofQWqEAEZL2Il\nhFoCNDAQDALBFQDEAUwExhDHGVfgQAXQm4NSjx7G/Dk+4k0zmQl4unwW48jxStbpiDrY0ptJujTl\n068E4bv4OfjyqatG/BqqxeMtmuHRUV4sksU1KLpo7Gm1Mc8dtmuUcbNOMslx4JafNLDkUlx2SzVj\nvPdEI46n5Nv8CxZo5YKUSww0OwaFYWA0wsXBGU62S3YFl7WQnJpr27Y4y9gatPtAEZJ8dEr2M1yx\nvjZvgvQErHYtqBAAxAAwAOQhpjI8E0FMhkwxzQcZq0yU5xxQcsklGK7bOFrf9RRh6dOratO/7CCn\nW4f9nNqbqPT9zmZvqH8uNfuZ9XrM2syeeafk6r4Mx01jEp5J5Hcm2RQDZloqGH+RWA+UCAV0AcAM\nAECHXYuwBhyD3AAa9hIaB7hQhBdIAABi4CGkJ7hyJsAbJJCSJxn4p7J/kB5IqPjXNbkLsHJydt2A\nBISewxNUAwEn0xgNOnaLJZfRS5f6mVUHOwDQdCbEmwJdD6FYcACAAAfArGxAADEALcGr5AAIVTGm\nSaINUBbGRbdqjMnRZGV9kE5L2IblsWmRkvYohQBQAHIcoOQAi1QifJBxoITAYgphYCKhhYAAwALA\ne5KL6ZBB2BpxZHhku4s345+Ub9zlxlapl2HK8UqfDGjq/bah5PvoMMVJ03SRLDnU0na8vnsjKDhU\nkVGrFlemy3G3jfJ1MeRZI+UXszjQyqUKbSXarkswZ3p59/bfRLFlddkZSUdu3wKE1OKa4Y5q1Rhp\nJPYi1dplMZuEt/02X3YFKm8cqapMvT/oJpOm1Y+gCtx2JAkA1yTIcDvYBgCC6VgNewcckVNb26Rh\n1v1nT6WNJ/cndNLoI3+cUrk0l8nM1v13Bprji/iTTadcI4Gt+q59U2nLxi9vFGBcGsGzWfUdRrJN\n5Zun/KtkY92DBhCYBYbchS7GIAGAvyAAHIUAAHQUMBDBKy2Pgo/pbkTVkVU/Yl4NbliltwElKT4J\nrWKB80RYqNMJMQ0Kgp1sIFdD4QQm6oXyHJJgLoYrGk5NJcgFAanp8eOC+7Nqb6XRVnxfakqdxatM\niqhiGyiLVAmSqxNewQPZBVAl7ik7AXLJIu02lnnvx6I5MOTH+uLX5Ar7GIAHVgC3sGAxAFgAxcg+\nwAGO9hAANWAAQew0xtWQ4AvjJMsMylRdGVogco77EGWCcQKxg0Ioa5CrALAg1TBE9mqZB7OgALEA\nD/ABYioYAgAEMQ0FBOL8tmQGQatPneKXi3VcM62LIsmP9ScmuzhRfkq7NOlzuElGXK4LEdFqWOpI\n2Ka1GPe24rhdsphljlx+PdFUvPBK43XTKNemzy081jy7RfHwdJP52POuUm7u2dDQ6uv4eR/hszYs\ndKUU+VfsPjgSdjoypr2ABppgMEJEkAmiSQRRm1uuw6OD85rz6iuQNWy7MWu+p6bSpqUlKfcVyjze\nq+rZs0peMnG7TrtGCcpSdt237msRu1v1bNqG0peEGqaXZz22+w7DoqABXsPYgHyILAKPyFCe4wEw\nDoAB8gAACdgCVs0LHGl7ktWRVjg5SrovnjxwivFtslVcKkKME3u9jOt4io90RbXSLZNcRIUl8kAp\n1/KhrLJcRRXb6H5SfuFZktyXYVQM6OQbAFwAUITGthPdBAlsAk+hoA6NOjSTnPmUYtpGYnjyPHJS\niBZjxzz5Ld1e7fQ9TOMpqMf0wVIU9TOcaVRT58VRQRR2NCDkqJBQtkheW4EiP5JJikBs+nZniyqN\n1GXJq1laiXinsu/c5MZfJrwZ4wxPye/tW/8AUzYqjNj+3PxvpEsUI+PlPfpJdkMk3km5Plixz8JK\nS5RRLJjcHxsQL55IrG47tve2ygAAGNlQCH2CAOGIG9gTAAQMAAUlY2FAV0SjKhtEeGBfGVk3uZ4y\nrktjK1ZA2iBYlfJGS9gIIPwHANVyUDdEGwbBgIdgIqGMQEUDEMA7AAKgsYuAIqSe/JJO/wAkENOu\nAjdpNS4y9T9SNc80snPBybtXw0asGXzST5RYNuLFLJJKKb+SzLgngScv7E9Fm+0mpcSNmTJj+2/u\ncNcALQavzX25v1dHQs85dTuO1cHW0Wq+6lGb9a/uSxZW1bhsuySXsU5skMEXPNJJLfkyrRFeSKdT\nq8Oki5ZZpfHZxNZ9fcXKGlWye0n2jiZs+TPPyyScnxbZcTXY13+oMmS4adeEd1fbONkyTyPynJyf\nyyHYWUAPgXYFQxBwD5IAOA6FYDsXQBWwUDsWwAAIkoNluBwg7nHy+Ca1IqUGyax2jRPPGTdQSv2I\nKbXETOtYjGKS9mOM0g8HLdkbUCKvnJS2ghLH4q5FMckvJOi5t5HcmRVcvZAoO7ZoWNRVPkjLxX6m\nDFMtuAU2ttv6EpPyVJURlxtyVGUZLHBzl4pNtmqTw4F4eKnLtvo25sfAGvwx6iLeNeM0uPcyNVs+\ngBgAc7lQmgT9xrcTQBQCT6Je4CQBYdgOxIOWFgD3JYoKcqboih8ASnBwbi+UR5JSyOUUmuOyNgRa\nocWSoi1QDASY2At2SukJbBLgB8oCKVklsAw54BAAgYAQH5AB9lAHwDABIUl2OhsConGVbCaFYGiM\niRnjKi6MrIIuJCT6LpNU2Z7tgDQiXQmUIAABgIZUHIWC2YEUDXICAbBcAAQJgAbANOmWJ7qUeUVD\njJoDq6TUp1e0l7l88spXbu/7HIjNp+UToYMkJ4/JuvdFgsim/wAFsJLA1OUqaMeXXRh6ca3MGXNP\nK25NtexdHez/AOonHH44IevuT4Zxc+qzah3lm5fllAjIdjF0Iod0AgYU+tw3r4EOyIBMA4AfIkAV\nuFPgQ2iSpckXEYwbLVGMed2F+VUqJ/aqnLYlrUhOTeyWw44ZVbTLF4JX8FuTVzlDwjtFIzrWMl+O\nyQ/uNoTrf3CMkughyzSCMPJ3IPON/pH5thQ3W0Rpu07IVvyCml8sDRPK5dFT33fRBSlfBLxbdyZF\n0/LaooFGt5Maar0ohKS75Kg0TX3ud6dFORNTl5c2KEnF2jVHNhyb5Y7rtG3NHRJ/d8q9MU2zPkkn\nNte5oy6iPg4Yo+MW/wCplYAhoSBlQLkYuAsAa9hJkkxVsAMGJDAfBHlg22OtrAYCWw+QDsLAAC9h\niAApgr7GmD3dgJCbsJAkBbhgpySbpe5dmwbLwi+f7e4LGseF1vNpN/CFiyqKqbdXf/0RVHD3C9i/\nNguTlH90Z63CAFuAFDaEmFB0Ac8gCABiTGxMigjRIOiorJxmJoQEpTb2DgS3Y2AJByAIBNCJMi0A\ndBYCAkAhgAAABYxUFAMQDKgQcB2KyKknQ5Ov0sjwBQMAABsVi3AIfAWK9yXBFIOAAA/wCAADoA7L\nMeKU2kkTTEEiShZZkxPEt6sgrGriSwu6ewSgouuRxi3vf9xuCX8xFQi3e3BZKXkkvYr8lF0txpyb\nI0nxsLySQbvl0JNJ1QNLwk1fQ6UfkbbfwheUVxuBFxfIbrvck25PghJhDq2Ol7CjIG3+wVNN9bC8\nknuytv3ZPGoy3vcYaflJ7RVEXUed2TfpfwKUVNfIKoDoQzbAXAfIbAuAE9g4ATCDkaBDCkSTEICV\nKrEw4BoIiiRFOmS/cAAQAWuUZY91Ul/crYh2Ah3QWLkCXQcEXsCbCnIFuHQnaYRpxahpeMkml/cl\nnw7KSabfKSMy34L8WW21J0+mRTx5d7ldrgWoxqMfJPdssy414SyJbPj/AMmaUm6tgRBgux8oqFwH\nwH7ggB8AgYcMAAARAAAFB2Jr2AffwAJdCGJgOuxDvahAHANADAi+QJfkiAAFAgAYCAY0JD4ABBYB\nByMQyqQABEMBdAFMBDAVDECAdiChpAAJcgAE8aXZcsnjFqH9TNdbl8JR8eLZmtQ2nLeTbINXsSlK\n6t7exFy6XAUns+ReQ3tXYntuwgX4JW2R8mJyYE5OuWEZJvZbkL3JQTW4VOd1RFJJWwnlvgrbbe4x\nNTeT2INifQMokuUS4lXTK1yWS4iBCSFGTi7RKe7ItbhGiElONBJeH4M6bi7RfjyKaqRMa1mTJURa\nGmaYNq9xIbYnwASBIW7GgAaFewAP2Ci7FpZ5IOS29r7Kmmm09miBAHArKBrsIjW6E0AMBWSsBcAN\nhwAmNLYV9g2ArstxY/uSpMrS2JKTjwFOaUZNLeiPI5PydsAiO6dkk7/Icoi1T2AteSUlTZW3YJpo\nOCAboSQr3LcWP7k1FFEUBdmwpLyhbRSQAMGMBcoTGBQWIBgALkaYgAS5Dge3YCDoO9hgIADlgH+B\nNDfAICLQDaEAAAdgMBLkaAQ909wEA+AYCABgIBgAgJLkT+ABIA3GAMAWwAmHIDfuIOgAGEW09g9x\nWQWN2G7W/BCLp/BbSktgpeSjtyQc2xSTT3EA/J9itgmICcZJPcbnf4KwAkIL3AB0C5oVjWz3Akk2\nwct/gV0ABywYgugBiXwD/JNKK5YWIoNmDtAVkcEXuSZHsB8IBsXLAZo0+BS9eTbHH+5nLJ5pSgof\nyrog2zjPJki8TSguPgyaqSnmk48EI5ZRVJtIgFAuxg+SoFyOqEgbAjJewJkluDj7AAnuCdMLAGJC\n7JLgAY+EJjW7AAJTg4OmRdgHDHViGAqSEyV2RaAEi6EJfbc47JbfJUlZqwyTgrpRi93/APRBHHmb\n9DpLt/BHK/uScoxpL2DJiqPnHgnhnFwcJRfu9wqjkVkp15elUiKAHQB2BUHY+iJJPoBUHew3yDd8\nECoOgCyhDsAASQcDQmAAAIABqwCgIgxtCAAukAANPYQIAAAGAmMSRJIBVuFDAAABMBoAsS3YDGKw\nAABh0AgQD6AROEq2IifIVd4+RXKARk0WJqXJBTx0LgsnCuCPhJq6YCAEn7BuUDBsQwEyRFjW4DbA\nag6JqKcdiCuxWSlGiHAAN+wguyiYmMAhciaY12MCKfQ0JoE62AfIUHAXaCkAxANWgQCsBNjSbEt2\nW4motyfQQnjcYpvayNslKblJuW7ZFhRyJkkKQRFEhL8DATJY5KMk2rXsRDsDRllFw8Y7rq+UUMBA\nOw5AOrAA6FY0wI7pk77DkjdMDVjzOXjGlfCbRHPBQanC0pe5VF7polmyvLLyf4IK27Y/gVdib3KJ\nXYCWwwGKgoL2IBcgwEUPoGAfkBMewA0Ag4AADsAfALfYADcOGDAOUJrsYgEwGxUAAFDSAA6Gg/IB\nQBYXvsAw/IISCgH8A9wToIELsB3uAbADXAAIBhwAgAAHQAFAHA02RDu0RVsZ+/JqxZ8Sg4ZFt0zn\njGGrJz3qK2I88kb7Hz+QGxBdD6ATExoHuA4TrZljXaKaHGTiFi5U1vyVzhW6JWpK1ySUumiKoDgs\nnHtCWKT6LqYVCG3sLoqDgVidkkgg/AmiUoOMqYkwI+XRL8CktxJgTIsYUAkIbEgJJUMXAWAXsAAw\nBhd8gFAJr2BPYYmgGAk/cdAAAwugEJ/A2JbgNbbjQuBoAYOqFyNOgIptOyVqgqwpJADdIilbGxpA\nNRsRqxRxyxpPnj/7KJwcZbp10QRCgCwAATCyhhxsLkd7EAyJJK+xNbFCQDW4dALkKAAAQ2IBggEA\n+wEPoAGxC3AEO9hcD6AABoAAAW7AikAwKBir2GH+QhdBTAOAGL5HYMBAuQYJ+4DQMNrEFMTDkAAA\nBhD2oExIVhUtmP4RFBwQSCgVA2AqJQxSlwmyKe5ojq3FbJUKsShpWt26Fmx+P49xf7t+xCeolOzP\nrVwlNLZmnBkxuNSaXyYXuCLiS4EHYVQktzTBpblicfFqt+iAcAO2+RAAAKqGxoCKTHwhtEWFIkkK\nIwg52ChcEsauaT4bAtw40l9yf6V17kMs/OV0l+CWedyqO0Y7JFRFIYdgVAlbDhgguwE0CY1TE0Ax\nMFsg4QCfsNIS9yQAIdA+QBhyLsaQB2PojW4wE06HVq0LkOAJwl4uzW/DLj8t7WyMS33Jxm4vb+hA\nThKPKIMunl/heF23u2UWUMA8h/IAthdjE0BIOt+SKZJbkCsXI2hMoAsBAG7AOhgIYuwAB9ANAL8g\nxDYAAhoA43FYwAPlBuCewMBdjTF2HYA3vYDoV0AByFgAADAAYB8AgAFyA+wAXY7FQUULgYgiXIqA\nFyFIklYmtxqRBPw22K3tsWxe24Sj5ICoQ2qYmUMBAwGAgAfLHVAvcOQHYkHYcBDQmycIObqPJBgN\nA+BDQCuwasHsxgRWw+QasSdAPoPwNf2EwofO4AAQByAfIA2JLcXLLMai36tqAHjaipe5FFmSfm1S\npJVRWyBkWSsi0UC4GKLp0+BsAuw5APgALMWPzjKT/TFWyur4NeGS8IxTS33X/USjKJsty4vHdO1w\n38lTQAD4AZRFPxZJvtCaQlsA7sT2Ht0RYDW4+AWyDkADsFwAAgBDAVgtxqhXsAByAdAAhgAMKCgA\nVDsASAAfugDcKGmIlfQgFQ0AggG9guxAHyMQ1t+AAQxBQMQ+ghXY+hWPkBAwugAAAAAYLcGRS+BU\nMCgQXQdBXuAAkAbgCfRYnRX+Rr4RFWSipblXBZbi6ZGVAQHQ62GkEQaoaJtbCaC4AE9gKyb4JY4e\ncquvlkQWwVZlUcckscr23ZUF2FWiAQD5DhFQuxtiItgSsGthVRJARuh/INciugGFjW4muAATYPYS\nVsBoe/Q62EAB2AVX7gD+BrjgELvYBMafTAUkBIXAk9qYwJ45eGSMvY2alrLUsVXHekYL3JY8jhK0\nRWhZfLFwrXRDPj8IpVu92OSU4+ePaXaJ4m8jb5lVUwMnAWW5sag14u170UhDG0IaZQiKVskxIBpV\nybVDyxvw8XtUfgxWW4svh+GQQlBq7XDojwbJwWaFp9f3MuSDxy8XygI/4DoF8jKFwgB7hQAAfAAD\nDcOwAOBoXQNgGwdAgQBYAL5ChchyG4whAMVAFgMSYADDlhwABQcjoKQD4ABBdAwYAF7gAQd2MS3A\nA4AOgXwFAIAAABAAAHQVsAck8eRw4SIDIqeScpu5URS7AW4EgIpsaVsgaa5BpylsuRpJEm31sgql\nPYkyNbgjTBgMXAUMdByABwLlibG9kAm9wS7EtyfVBGjHhjLG3zL/AAUSVOgUmlV8isgL3Bqwq9wu\niiKtDrtjfwD2j+QIPdkkhRW40A3yIYkk5VYE8cPN1/clmkpNePCVfklNrHHwi7vloo7IAf4EMoTC\nw4Qr9gBqwT9x8iaAYMSfQwJQk4STRNZXGblGlZV8gQa8U/uxpqN3/YozY/CbriyEW07RpxuM/JyV\n2uwrK2HA8iXk64vYi3ZUO0JoESQEEyT344E1uCdcgWY8rg12kW53FwT5l7lDF2QAB8jStlCB/ABQ\nAKhoQDoKDngLAPcAoQD2CwrYAC7CgQUAhgABywezEMihoVDsRQANUIB2LkBdgNgAAAAHYQAx/kQA\ng7ATYD7G/gSGAmFDQvwFHVAwBgFjFQcAH+AYWHQDuxkCRA2O/wChHodUrCna/cdyltRG9yXn0kRU\naItUTE0aZRTokRarcaAfLDjcKIgP8kW+iT2QluwhpUP4B7AAciGt0AUdCfAxdhDQMB9BUFsyToGr\nZC2mBNoOGAL3AH/kQ2IIEgBhYCkTxQ8pfBXyyak4ppdgOdeT8eCPICoAaBMaFXYDB7ISdEmgFwNN\noXQEA+NyPZJgl7lAAciTAdhJbbCSH0FJOuR8hVi7CGhWMKoAAOgAQwYLcACwBgC2ChEo7gAgoAEt\nht1sJgA+BXYIOwAGN0IAT9wAAAKAGA+BUD52DoA7AL3AAAPgAoCwDgIAAQEmthDEFAAHLAFsGwdA\nAxbhdj5IFYLgBlEeENNgwQE4yrol92LX6UV8BWxA5NOqQ4tJkUhtUFf/2Q==\n', 'Menunggu Konfirmasi', 'Kas Baznas', 1, '2019-01-28 01:51:32', '0');

-- --------------------------------------------------------

--
-- Struktur dari tabel `tb_zakat_maal`
--

CREATE TABLE `tb_zakat_maal` (
  `id_maal` varchar(34) NOT NULL,
  `nama_pengirim` varchar(50) NOT NULL,
  `telp_pengirim` varchar(20) NOT NULL,
  `bank_pengirim` varchar(50) NOT NULL,
  `pemilik_rekening` varchar(50) NOT NULL,
  `norek_pengirim` varchar(20) NOT NULL,
  `jumlah_maal` double NOT NULL,
  `tanggal_maal` datetime NOT NULL,
  `bukti_maal` text NOT NULL,
  `status_maal` enum('Menunggu Konfirmasi','Valid','Tidak Valid') NOT NULL DEFAULT 'Menunggu Konfirmasi',
  `status_uang` enum('Kas Baznas','Sudah Terdistribusi') NOT NULL DEFAULT 'Kas Baznas',
  `diperbarui_oleh` int(11) NOT NULL DEFAULT '1',
  `terakhir_diperbarui` timestamp NOT NULL DEFAULT CURRENT_TIMESTAMP ON UPDATE CURRENT_TIMESTAMP,
  `id_zis` varchar(34) NOT NULL
) ENGINE=InnoDB DEFAULT CHARSET=latin1;

--
-- Dumping data untuk tabel `tb_zakat_maal`
--

INSERT INTO `tb_zakat_maal` (`id_maal`, `nama_pengirim`, `telp_pengirim`, `bank_pengirim`, `pemilik_rekening`, `norek_pengirim`, `jumlah_maal`, `tanggal_maal`, `bukti_maal`, `status_maal`, `status_uang`, `diperbarui_oleh`, `terakhir_diperbarui`, `id_zis`) VALUES
('t4e06f1854ff5024463f8485d7be980336', 'Suradi', '034125764', 'BCA', 'Suradi', '00841243641964', 2, '2019-01-28 08:50:57', '/9j/4AAQSkZJRgABAQAAAQABAAD/2wBDABQODxIPDRQSEBIXFRQYHjIhHhwcHj0sLiQySUBMS0dA\nRkVQWnNiUFVtVkVGZIhlbXd7gYKBTmCNl4x9lnN+gXz/2wBDARUXFx4aHjshITt8U0ZTfHx8fHx8\nfHx8fHx8fHx8fHx8fHx8fHx8fHx8fHx8fHx8fHx8fHx8fHx8fHx8fHx8fHz/wAARCASvAtADASIA\nAhEBAxEB/8QAGwAAAgMBAQEAAAAAAAAAAAAAAAECAwQFBgf/xAA6EAACAgEEAQMDAgUDBAICAgMA\nAQIRAwQhMUESIlFhBRNxMoEjQpGhsQYUwVJi0fAz4XLxJERjgrL/xAAYAQEBAQEBAAAAAAAAAAAA\nAAAAAQIDBP/EAB0RAQEBAQEBAQEBAQAAAAAAAAABEQIhMQNBElH/2gAMAwEAAhEDEQA/AODhxVu+\nWaoqiKVOuiyrRvE0Rk0yxTb55Ixqt9gsqG7e/ZFpslV8sj0VQNfkOnsOgE1smx0rsH+QS7CDh7gO\ntrDumAbdi42Q2CCirYcB3THXARGvgfjQ17hwwFVbg2PhhW+4Utm/kGtw7HRBHhjQfCHx+xQnzsH7\njcfkGuwFW1Anap9D+RUEJgyT3oVbgKh7IHdIbQEJfAlyPewoCucPLZmaUfFmu65IZYeW6NRKzWCd\nCae41uaZWwlfPJswY4/rycL+5zk/GRqWRuK32RixqLtRl+7PZUlwitLpm7RYYzi5yQ9dgioKcFz2\nZaYLcWb9PqqVSaj48vtmC7FbX5YF2Wf3JydUm+CEdkRTbRpxaeU1bVIZqXqT6zvf8mvR5/tbc2Zp\nxljk1XYvKnsMaldPLiWacoq/Mz4c8tJqE4P9L5J6TM5tRf6n38EdVibipwTt22TB6zR6mOqwqcXv\n2vYslFJcbnlPpX1CWlzpP9D/AFHrYTjkgpRdpoxZiwovauzH9S0cdVglFr1Lhmn9Ne5PlGVfONbp\npYMsoSVNPgy0/wCh7X699L/3GP7mNetc/J43LB43TVUUV1zZH8E6IdlQcIT/ABuDTv5CwEwBi5Ip\nvYVXuOQIBbAmANUAAwABVsDEMAYRlyCDqwJSjaseLH5PfgUXSJxl4fuRYsk/Ffgqtt0uw3lyT2iq\nXJlovGhNNMmk+eiM2nt2BW9v3CK9wUW5fglVuioS3e/CJSfk6XAm+ooI7ukRpKKcnS4HKahsglJQ\nVIhGLe7ASg5O3wTtR2XI4pydLgsUVFb8kFcYuX6uCTlGCpEcmfpIqfqfqZUTllb/AEkHzbDukh+O\nybYHWolFPl8AltQ/8HpcSkxcj7sErIGLse4J2+Ch1f7iuqGnW4b9hCrcYLncbClWwdfJL8i2CAGq\nQ1yCdhRzsxVtsNIO/gAr+gr4Q12C3AXfyFNj735Dh/kBdv2B8knzwKgF0G463BhCewK2uRvgPYBb\nUOn2JrYfyAqqh1uPrgEgpL+xHeyf7CYERdWSZGqVMqItBW5Ku+hVyEZ8sN20U8bG1q0ZssK3XBqV\nFXwTjKpbcEf2CrLia6mj1SxLx93yXZ83+5XhBUlucnE6NEMkoO0zFjaLtSZK00PHCWWVJbslmxSw\nz8Zc0QRg1GS9jrYpqUU1wcZ2atJqft7Pg3zcc+5qzWYvGXmuGY73+DXPz1N1tGJlyR8ZUuDPX1vj\nc9KM3B2nRqesksailu+W9zJ1TE9uTLSVu7Wx6D6H9R8X9jK/S+G+jhYcEs0qia82FYIxlF7xdP8A\nJLFj2MoJx2Ix9N+xi+kfUFqcSxzf8SK/qdCcfbh8nNUWlNVyeT/1B9K+2/vY16W9/g9ZH0pqtiGf\nDHNicJq4yQV8ykqu+UKuDq/V/p8tJnaS9L4Zy2BFrv2ENioqE0Ie4mAqY6BOuQaIEHI3/YTW5VGw\nux/8gvYgX+Av2HwhdACVgtgAAvcldojXsPggshLrssSSVsotrdFiubu6RmtRJttbEZJR+WSnKtoI\nisfc2FJJik62XLLG3VJEPGv/AMmFJKtuyTksapchtBW+SpXOVhAl5O+i2MXLZcCUbkoosbUFSAal\nHHHdlDlKb+AfrbfQrrZAG0XS3JKLkrFFJbvkbn7AFqJBty4H4t7vgthGMUgOrJ0qXJH49xtWC3Z6\nXAPbYaDtfI2twpcjoONwUq27CHxwJElwLdbBAkPsVDYUA+UJKkD5+QG+Q4dByh1fXACXYr52H2Ot\nyhJD3SHfO3AluiA5D2H8WAUuhN7jDx9+wg/yLodWFoBUl+Q43G0g7+ChW3YWOq3E3uA1wPsQ+SKG\nRl1RKrE1YEXX7kWSq9+wr43KiPWwc8DaoKCE17EJRu090WU3wFgYpwcW+kQqueTbkipxMjVOjcqF\nHYuxzvZ8lK2aHdO+xYa62HJDBjU1TkxanxyQWRO5Pn4MMJeUUT82k0mc8aF1ySxyUZKUlaT4K3b4\nJRS8d+QOnpsuLKnB+mNce5V9QxRclPGtn0v8mK/F7HT0r/3MVxFRSjsFcp2uRt3uXauMVnnGDuKe\nxnTptkHT0eaH2JRpKSW9doeqhLNFU23L1V7I5m8d0zfo9S5JYp79ICvS5cmlyxyxbVM9hotVDV4I\nzjzW69jy+pwuWP0Ru3baH9O1k9BqfGb9L/UjNix6yVRaCLvnkIOGaCnF2mtmhNOL/wDdzDTH9U0M\ndZgcWl5LhngtXp56fK4zi00fS01JHC/1B9K/3GJ5ca9cefkDxVLchRbkg4SaaIOwiPYbDoXCoBJd\nCY+EFlUhMfe24NWQL5D/ACHwAQCHug9wpBvYdgtmA1shBQLYBxe5IiCZFi9NRW27GlauXBXjfi3e\n5JtydGWtDna24FF8yf7FkUq2XBCSb2QVVN+cqJJeLpEmlBdN+44pJeUgiSqEeShycnfQ5S8nyRbv\nZAO72Q4x8XuCqKvsai8j+AFTm9izwUFvuycIeK277BtJBrEHvuxSl+wpSKZSbYR3PcdbWOlewOz0\nuBXwMSQ+iodcBW3yNURjdgCW1AlvuOv6gEOmCYchSoKfWwlvuMPHcAQNPkKHyAq4D/I/5mFALrfk\nI8bjrf8AI/f2Aj2PoGNLYKiMfiCVEQkqQfsNJcBQCpAtmMVexQrtgqZKhJbNAKhi7skAm+hdj7Ci\nKXADoXbQEeWMdULgqI0FddByAAkU5cfaRcuwq0WIwSDsvzY63SKFzRvWUoy8WmXK5VRR4mrEvSlR\nitxKEHJ1Hcnk0+TFTlFqzVoFFLJkq3GOxLJKUvGc3bbOe+pbjntfA45JY7SdWiWVKM2l0Qlyvk0s\npOW77ZZh088v6URxpeaT4O5ijHAoRgr8uWFrgtSjOmuBL0ytM3fU8Thnc6qL9jC99ugjetalhXiq\nyUl8IwvI5Tbb3I8F+k0zz5PZLlkV2foP1Lwf2Mr9L4vo9HKN010eM1OGOCEZQtSTp32eg+i/UVqc\nKx5H/Ej/AHRixY3rZ2/6E5RUlT4YZI7Nr2Iwu9+KMtPI/wCofpTxT+9jXof9jz0tj6bqMEc+KWOa\ntNUeD+rfT56PO016XwwOWDoa9TYnyUJ8CGLgIOhX0H4DfkKVUNbD5FRAt2F+4cAgAVDW4XsAuAYA\ngAF7A2AEkySbdJLcgiadO0SrF0aiq7Itt8IFJy4GqTpGW0Um3bFNrglOWxS3zvuEpEo0t3yKKpWy\nUIOcq6KghH7kq6L6UF+ATjjVdlbk3zwZaSlkT+EVt3+CMpW7JYl5blFU226HGNFs4ryQ0kDHWW37\njbDboE0/yel5x+AQ6d/Ad0UAvlDVWD9gCvcO/wAjb6EA+ArcL5BcbgH44DsaC0Ad/A9hAwG9wrj4\nDoK2APYPgBgRt9DW40x9gR3XINNLYOSVe4C7QvgkFUBGqGu0HKBLqwBBQ9xUgEMEgrewAFwLljrt\nECV27DYYqCotAx8DKiDWwIkICL4EvckwSVAQkrvcyuKUmX5J02kQjHyaXuNRBouxz2pLcc4pJRXJ\nSm4u/Yit+kz/AGJ7q4yVM0Z8uB4v4d+dnOjJU5Pn2LcMlHLGTVxvgmGI5MclHzadMgju54Y8+Dx2\njC9n89HGz4niySi+U6BIrapnT+n6tOseR8cM5l9An4/kq10fqOpjlX24K+7OW/nk36dr/btpRlku\nqfsV6rTSx+vxqLYRlq9zToZP7qim/F8q+TNW/wCxKEnjkpxdNbkV0dTilOHi23Jbt+3wZNPmnpcs\nZxbUos1w1yyzjHxdtKr4sza6cJZvTTdbtdsD2Gh1cNZp1OD3WzRbJeL53Z5L6Tr5aTMr/Q9mj18H\nDLBTi01JbM52Y0Iu1vyjD9V+nw1uBxa9S3TNijLz24vgm1ZFfM9Vp5abJKE01JMoqz2n+ofpSz4/\nv44+uK3rtHjZRcJU+SiuhNDYtghAOkJ/2Cle40woWxAdC7GKwBB8gw4CE9wAEgoDsGDsAGnb34Eg\nAlbXD2LfJRW3JUnsC5M41Kc5tkUvclSc/ksUPJ7rYKSh5v4JuShtEUpJKolPk5P4Iqy736RXKe4O\nVKkQpsYathuuAv7YR9MOdyMU5y3Al57WFuWyHOoqkRUgO5yKvcaCS2PS84vYEgXG4+qKFtdDSSCu\n+hoIS23HXLAGqQAufyDVhe4wo3oGtgdoYCSXYPfYa54BrbYIV0vwNvYKpDoKVbUhpBXYUmAKvYEw\nSpgqsA46AfyKgBqqoKvgOxgJKgofQN7ADQl7vYYP5AQDq0FBCrYOAXuDVhR2Jj/5DsBA2ge3QUgI\n0D+SVKvciwF1fRVkl1ElOfSKvHYgIwcnTIyTT26Lccm/Slu+BTjW383YBB3Db9RGcPRYk3CSroJz\ncuqQFfwW4ptNJldCTaYHb0WeeRtS8fCK5f8AKS+pY4LG5V4yUqT/AOr5OThyOuXffyWSySm/U7/c\niq3yD3Lni9F92U8Mosw5XhyRkt/Fp0dCMsWfFT4lLjs5fKst02V45Pek9gg1WB4Mri9milVVmjWZ\n1lnFQ/TFUm+WZu2go44FfqH3Rbp4wnk8cuyZBLS4JZpeMdnVo7f0X6i8WT/b5n6XxfTMHjKLeLD6\naXrkzJm88Wobk7k97XZLNXXuns/hkFP1c/n4Od9G18dVgWGb/iR/ujpuCXHBzUNKSaPHf6i+lfYy\nPNjXok/6M9gm0q5bIanTw1GGWPIri0FfMWtqoTXaOh9W0E9DqJRkvT0/c55RH8gxtCaCDkiSaEwp\ndi44H7A6AXyA17Cb9ggBBQECt+wwE2FAchQfPYDW3A/xyQ6JR2AtxLmyUp0VW4vbgbTaMtxB3Nkr\npCb8dlyxeOytgR5e5JLoklGO5FPyYDm06iThUYlTpyoHfANNyBRckRSp7miKVfAHY/A18hzxsOlZ\n6HAmFVuHdEqKFQf4BodbfICulwMLQIAqwSJJbCAfQgXG4wBewAFAAEkrBoCK4DehglsEFNhW34HQ\nIKXAJWh0H+AhLYL24HQ0BFpsdbB8h/gKNrFXZL/IfACSsVXZJLoKoIVJA0DGBEVb2SE0FHQMKE9u\nQhXSKskrewZJ3suBY4eX4Cq4r1K/cunFeKiuSGReLaHGfofv0yKqkqe3RapL9UuR5MajC292UdhB\nL1NsTXsPjgGvYCPAB1YXwAk6arkvTuNlCdvgvTppVtwFTlN1FWRe+5Kl7i3bpEEWxbo1S0WRYnke\nyM/j47PkSojvZs0Wi+6/Ke0LMj5OvpMn+4wKCajKP9ylYvqGmWDJcf0y4MavrlHd1+nWXBbfqitm\ncJ7CkaNNqvCUvNecZ8ps16jFHKm0vUopp/8ABy3XKN+hzScvB7ya9NvYioYnk0OeE06lzR6/RaqO\ns06nB+rtezPIa+UfNeN+X8zu7LvpOvlpMyd3B7NGbFexrxW27DlBjnHJCM4O4yVphZhXN+s/TY67\nTNJJTW6Z4HPhlgyyhNU0z6e+aPO/6j+krLB6jFH1rlLsK8axfgm006aI/JUR63F2MQCCh2LkAQVu\nJvcPkAAGHJAMVDrYApAOthUABYJbgBKwToiT2ZF0VSvsSdkXKk0xxTb+CNHkfQuIils/kJO0BDy3\nskm2yJZBKKbZUTfjaBy6T5El2RXOxFd9NIfYmiS+T0OA53BrcAW4D9hV2CQygq+g/YN7oL67AaCg\nH+SBUF7A/ca44KGhV7jrsAFXsA2v2Gl7gJIdB7hQCGA0uaAOBDpB8gJfAD6+AfQC52Q62F2PcIOw\ndAtgfIUnyOg+aG/yBFjCgqwhcoTRLhCewUurKMk29kyU5tuoshVPfgISi0roeObj8JlzaaqC5KZx\n8ZNXYVKcN/FK5PsqknF12i3FkUVurZXN+rcgUpOVNvggNqxFBwLkdWMgg1sOrJwguXwE39v5YFcm\nse/ZU5y335G35Ntka+SKuxT6Zv0MIy1MFLizldmrTZmmmn6ou0Sjq6lynLIpSaSey9jFqF+h9tGz\n/e4pwvJjvI+zM9Plnilkp+MSRjPWVq18k8WWWKaknVEOBtXuuDbTd9zL9Qn4RdQSMmo08sGTxl/U\ns0mf7Mmmtpqmbs+L/cQikpOT3t/IVx9rD1Rdxf4JZIOE2mqaYvgBbvl7stxYpShOd1GPZS7Tp9HT\nxTwyxwxxXk6uXsQbvoX1LwktPlfpf6W+meja7PFZMcVeXFNPxfC6PQ/RvqP+6xfbyP8AiR/ujFjT\noKaXPI5xUk0+GRyKna5HGXTf4+TI8Z/qH6U9Lm+7ij/Cl7dHB+GfTdXpoanDLHkVqSPn/wBU0OTR\namUJLblP3LFYK5E0SYtwiLQDYgFQNDE2AqH+A7AKLEHQECsaAGwCuxd/AIfIAwEADlFNWOOyYCao\nixG7YNWTiq3fJKTVBpWo9ssgr/BDekTi/FOyCOR06RFSoTlbJRj5K2B6HsEwqgR6HAVYJO9wjbQ7\n3ABphtY63KFywSV0MFtyAIGA6pfICoPeh0CXQAtkPkKoFvaAaFdDeyCtgFfZL5I0PgAoB9AkAnsC\nRLoS4AOgBVvQ0AkhNc0S+BVsAUCG7D8AAqH+AAHRHgkDATKck+kx5J3shRxuW4Cxx8gyxSlsJNxZ\nObSikv5uSCuM3G0uGWTjBR377IZIeLVcMg7aKI1TBxD8h2QLh89CaG1YUURS33GlbGk5PZDnNY0k\nt5f4IoqpJNrbZorytN7dd+5W27snyRVfjYOBbsHe5kU+LHFNP5smONRkm1avgDVp3HyjPIn4J7nV\nxZ8eotr0NQaa6S/9Zxs+qcmoxio41wieKdO09nz8lRdrNK8cvKFvG1s2ZUqO2pYtRjm/J+Eqbtcf\nCOXq8f280klSvYopezvo3aHVuNY5Uqtpvowp2qI7qXyijpavTwyYlkxpp7t/K9zmSR19JeXDKU3s\n1TfxXRn1OjvInh/S1e/QHPatfg06GaU3BptTXjtyihqmEJOE1OPKYG7Fh+zHLLJG0oppPvcrxap6\nfVfcwulewtRrZ5k47KLStGWKtr5Ir3Wj1UdXp1khV1uvZlng7bf9Tyn0rXS0epSlfg9pI9bGUckF\nKLuMldnOxQt0c3619Mjr9M0l/EjvFnQbalxv7E+UQfLs+KWHLOElTTqit8bHr/8AUv0jzhLU4Y+r\nmaPINNOiqT4I/BOtqI8MBUIl0R6ANxIbEwgALAigKvkOwATHVCBgAfgPwN8AIfILcOGAl8se8uAa\nscWlFkalRbp17A5XHci9x71T4AiuTRGlDchCKStg5OTJVj0PSsYvaxtUehwJKh1YfAPYoKJciSQJ\ncgFbBv8Aka+QQBwOrFQ0AJ7jqgqtxcgF8DUQSsYCpcDoOQAA+R1QuNgDkYdAFC32Cg7Cwg4YV7jY\nl7ADAewAF2gXyFj/ACQKgfA2iN1zwUGyKZzt0h5JqSpCjTlvwBCqRbjk3HxS3JTSaSiilScZbbEV\nKcFW37kL8WXqUVD59jO92A22+SH/AASaI0VC5BrYkICKVjSvhDUW+BZJeHpjz2yKJTWNVHeXb9jP\nLfcb32FXuyBc/gknTsS+QuqRFTXA37hjj5Spcs1y00Y4mn+tKzNuNSaxVvsOhteL4EDEZK+R4p06\nfAS3exXJUVHV0edY8qjP/wCO9zfLDDUY4uUk93Tqr+DhYclvxfJ2NNlh9uHlNSlBPxiuSo5Uk4uh\n8r5OjrNElj+5FNOKuUXyjm27NInDNOFVJpLo6uBw1GG5Sai3XO7de5x37klklGLgns3dALNFRyTS\ndpNpP3Ko8/A2745LselyThKaTaQFNU/hm7SaVJrJNrxq0YqfDNWk1EY/wsv6b2b6YF+pwLxuKfm3\nbfwb/oX1Dxk9Pmls+L6ZlUv9zicpTVv24ic7LGeDO7/Ut7M2K93JWtuRNU9jn/R/qC1eFQm/4sV/\nU6E1sc1LJBTg4yVpqjw3+oPpL0eb7mNfwpvb4Pcwb4ZTrdJDV4JYsitPj4CvmNdA1VGz6lo56LUy\nxzVU9n7mP8lCFVjDoCImSdUIIXYw3D3ASYc7gFbEUmC3H/yFACQn8DQfgA6IsdgA4ikvZ7APnYKn\nhxrxcpP9iM3bBOnT4E3b2MtJSaUaFDkHSEnSCvRcklsCCrPQ4Ct7BbhQyoKoHwC53BOwHQVQIEAL\n2GgoEgDnkOGMGAc7i52H1SCgDix0CBAAUFbD6AQUOthAP5QNbDSF2A97DsA4AXY6CrQADQAw2oA5\nKpzvZcBKXNEfB1dAOGPyZGcfFuuEShNp/DLGk00tyCEZXHxXIskFGKfbIyXi/kTk3ywqIvklXHuD\nKiIbfuNoSsA5BRtjS8mKc0k4R/qRSnlUbhDf3ZQ9wbpgiKj2BL8oT52ATpCSv8oa/uS455AcJODt\nOmjZhy/dtZJb1sYCcZeLsxY1LjVngsj84Kl2ZGtzbHIs3hCKq/1FefD4O0vS+DMuNVmpXwRmixqv\nyLk0zVDbT+TfpNS8b8kl5JV/9mKS3CE3CVo0y9Fpc8dTCf3Ukkl5Pt/k5ushjjnksTuJLR5YKfrv\nxkqtdG3BoYtPzTk/LxtdfJRyOBtKy/Pp/teTtUnS+fkoW7Ki3S44TzxjN1Fnbx+mTxKNRS5PP7p/\ng7Gj1sJYX9xpSj79lRytVhlizSi/fYqas163M9Tk80mopbGN7EVdpsv25JS3hfB0s2nhk8pTtPbf\n3/Bx5f8AUv3N+l1PljcZz8ZKlF/HZFV6fUvS6lTx2kntZ7HR6mGrwRyR/dezPJa7C3L7sU91b2LP\npH1B6PP6m3jls0ZsV6uSabr+pNPyCMo5IKUXcXumRS8Zf+7mByvr30ta7TOUV/Fgm18/B4PNjlim\n4SW6dH1OtqZ5X/U30i71WGP/AOaX+Qrydbiom9iJUREyQqATYcDYmAlyA2q3E3wAbrgOP3DkAosQ\nPjYS4Ih2gAL3ChAF/A6AHuhLZ7gOS7RF0pu2Rb2oKsnCPqV8BY9INAgO7kbQdBd0HIQKgpDqgKAY\nIK3AK7BcBVDfGwCe4xUOgAK2Hs0Ff1ASVAF2MADoPcYCQfIw2YBYBQAFbjYAFIOxpUAQn8lU5eXH\nA5zvZCik3TAhw0XxbnGlshSgpcLhEIy8XsATjT2CM6ROTUY0t7KWRQ3bsVDoRUDVgAMAYlG+OCUY\nt/hEMmTbxjwQLJkSVR4Kbtjq0KqCkwQ1uLcAe4lvwSSDj8kUnt+Rcg0FUBFqutxr5C9y7TYfvTa4\nSVsgUZOLTizf6Hg93JUvyVS0TjpvNfrT3j8e5VgyKE/VuvYx1G+ajnwyxSqXJTR0Z4lPB5uW6Vqz\nnTew5Oopd2R6JvncjLg2wtwZPCW72Oti+oTThGdOHdd+xw0aMOS/S/2KOxr3D7S8vF5GtnFnLaJu\n5NWyyUEoclRSTww88ihaV+7IcEmmtwOt9mMcSjt6oV41vZzNZhjiajG263fyT0+pksqc5Npunfsb\npYlqopOSryvyqgOK+AT8X8FmeNZZRSpJ8Fez24A3S1sZYKmvKTe/RicvVaIU/KmW4sUss1GKIa9B\n9B+pf/18stv5WzvSu9jxGTG9NlSi35R5+Geo+j69avAoyf8AEjs/kxYrbGW9f3HkxrJBxkrTVNBK\nNfgalexlXgvr30t6HUuUF/Clwcc+l/UNHDW6aWOa5Wz9mfPdfpJ6TUSxzW6f9Sqy9keiX+RNbhCB\n7jaF+AF0LcdDAikA/wACuwoB/ADoBCsPgKIB8gMQAh37iBAHD/JJOkHRHumRqPTrlewWJL+g6O7k\nEx7WIfDCDsaBAgAaQB0FDDgYAJDaCqCwFW+w0g/AyoVBXsCGkABYUABW4DXAAFhW4MPyAIKHQuFy\nA/gqnLelwE53shKHpv2AIQ8vwJxp/CHCVOnwyySUtov9yCKk5JJcojkikl7idwkKTt2FIGDewLcq\nBiofYPgBOgjG9+icY3zsl2V5MjltHaK/uBHJktVHZFT5GwrkikIkkhVuQLvjYKJLcTrgBMiyT32F\nwAmFWFWSqnuuAq/TaKeeVVWzq+yqM56fI/BtPh0dXTaiep0zhBL7saqufyYtdp44pKWOXnBrn57C\nN2nl5L7kW5OcFdvu+P6GDW6dwk8kFcHJrbr4K9JnWHLcr8WmmdaOHG8Dil5RcW0va+xi/HFlnn4K\nF7IFhlPE5rpktVp/s5XFPyj1JdlumzOlClSV2Yvjc9YH7MTNOoxpNSje+9Gdr+pqM2IDT3VbDasK\n22Ky1Y5+a+UTcm0l7GKM3FpnT0mJZYfc/sWJUcWG95F8oJxosjG2kkX/AO2uO73NYz/qRyJx8WzZ\no9RahhaX6lTfQtThfHaMa9L9miWNS66Wp0KlThL1ttyOXkiozaTuns/c6uk1CyY3GTXkun/MzPrs\nEILyj+pu2lxH4IrA7dVybtLJZNPKEKjkXfuuzF3YKThJSi6dgdfLiebF6KlJxpyfZi0ubLo80Mkb\nW/8AUv0OaWTxxu9rW3di+oY34KcZWouvFcIg9ZpdRDVYFkg9mt17E2lH/lnk/o31GWlzKMn/AA5O\nmj1qanFOLtPdM52Kado4v1/6VHW4Hkgl92C/qjrtu/34JOmiK+WTh9ubi0006IM9T/qb6R4t6rDH\nZ/qS6PL10VUfgVEnsRQBxwC92HQcgR7ChhQCAGHwwgBBvQEUAABCfIcbje6F0FMGrEPoK9OHIudh\n1tydnMx7URWw622KhoS5+Qivcb4AAoF7gAf8D/yA0RRVgDHwvyAgW4+AKgB8guaHwAqBcDW6CgFW\n+wxD5AK9wewDewEW9ivJK6SHOV/gjCvK3wAuNy1NzVBJeVJLZFf6XsA5pX6eAhPxTJuUVjS7ZVW4\nA3e4mh1QqAXAJjoVUA62Go9vgEu29ivJk8tlsiKMk72XBUxhVAJfIcg0HyAgSsaV/gJcbcAK/YTQ\n0BBGhMlQVsUTwRUssYydJvkv1EPu/pjTgt69jK272NmHPJwjGK9S2b90YrfLLiySw5FODppnSxLE\n8UFbn93aS/6TFq8PjLyXD/yLR6j7OZNq48NFjNiGfBLBOpKk90aNBqJJ/blOou2r9+jZqIf7zzk4\ntU/CF7V+Tk5MUsVSadPh+5pHVzYZZtI3kl5ONyTX44OMpuE7Wx0sernPDCoNyh6LXG5TrtPGHi4L\nmKbX/SyWLLhpp41LG/KUlW/Rky4JwTm1t7jwZPtTuSuPFD1Gd5X4wXoXCMeyt7LGbsi9vwWSg1yq\nZF/4NMImrRah4civ9L2ZlrsKLqWPR4q8lNO4tbF6j6m31ujj/TdVX8LI9nwdGWSa9NnWV5+ubqOo\n3ntuYc+PuJ1ftRhhk5eqT2RjnjcXUlV+5muvMyMOOcsc1OLppnUxuOXFUWmpQ3j3ZzcuPxd9Bgyv\nHOrqL2ZG0dRheHI47Ne6Ke+Tp/UM+GWL7cV6k9mvY5my27IJ4808F+D2kSzarJlVTe3JXV7Mjw6Y\nDTr8no/oH1JNLTZX/wDg3/g8389k8U5QkpRdNOzNg+gSSZCLcbTMf0n6gtbgqT/ixW69zdKkr6MK\njkxxy43GauMlTR4H639LloNS6T+3LeLPoEZXyqZk+p6CGu00sc1v/K/ZkV80Yqo06zS5NLnnjyKp\nRdGd/BQiJJCAWwWNiV0FIOGPgT3ALYAgZAci+BoP8gKgGAAqDlMQwPTglX4G1QLc7uYrYEth0N/A\nAFA2gXABzwFAuRgFbAHYyKSGH4BMAB7AFFQfkB+wwF2A6ABAuR0GwA6KpyvZcBKd+lBGDasAhG+X\nsEoVxwJelltedpbICMJN+kWRR8lRFrxfIm23YC3oOB9gArsKGCXuAkgapOT6JUkrlwUzn5v49gFO\nbb+CPYNCIp8hwwYUAMEu3wFe/AXYBLjYQrHQCoOWMKASVJiburGxbMBN0Tx5pYrceyHdEowcto7k\nNKU5T5bZOeCcMfm1SuqfI8Dhjy3ljaSe3z0Qy5ZZpOU3b/wF1r02pebLGOaTUWvFU63+SefHlzze\nL0+MF5L4X5Oan7HQ0+X/AHGFYEvGau5L+ZVwVlkx58mnlOMWqez7R09PlhPTfbpTlOLTb5T3M2v0\nUcLi8NyTVtexl0+Z4MqnVrhr47ClqNPLBJKW9q009iz6e8X36zcPh+z6NfjhenX3bUJX9v8A7fl/\nucrhksWV3NXp8eqTnGKh4Rfxe18HAkt6Oxo9T95RhJN5EmvK/wCWuF8mfXaVRhHLii4wrdPlHPnz\nyt31zQ4Q2q5E+TowItp2ujsaPULUY/CTqcV/U46RLFkePIpLlFlxmzXptNNyfhKrXCrkr1mObalJ\n3f8AYq0+ZZYxyRfi+/g3OUJKk1JPZ/8A0WpK5Ul5KmY5xcXVHSzYnjdPvcz5calHbkKxeRdptNPP\nOktvcrcalR1Pp+WMsLxRajP39wMev0f+3cWnaZjav8nf1un+7pkpP1R3s4HbBqN2NbL5CW2/Ql7k\nGvQauekzxyRfD490e002eGqwRyQezXHseAujsfRfqL0uVRm/4c3T+PkxY1HqX6XbJRfkrDacU000\n+GR3jK+UYVxv9RfSlq8Dy4or7sV/VHhpxcJOMlTPqrVo8h/qb6R9tvU4Y+mXKXRVeXoVD/yH4CIg\nDB7AJ9WLkbDoBe4dWAcBR+wdA+g/IAAARCHyHAfAV6hOwoKoaO7mOhh0FkUewxIfZQq/YkAdhCGF\nb0ABQfga2AAodi4GkAgGgAGkFAtwAGVNt7dEpyvZEeNwE4tK6JQk2vF7Is/Ul7FclTYDa8uOiKbj\ndApUthALdgxgAuAfA2goBfgkkorykNpRjb/YolJze4DnNz3f9CDW4wIFRFoklbGFQT6ZJK9xeNbs\nPlADYWAUBHkaH4j/AEr5AVKJHn8j5EwF17AlsFbE4R8pqL2XuBCjo6aGLBL7kZ+ba2guXfTH/s4w\n84OMnKW0LW9/+DInPS506qUXwwHq9Pkx1lyKvMytHajP/eYYeUKgpU4x38fk5WfDLG900nuvlAUc\nfglGThJTi6ad2KthMDq4NR5Y4tTjLLN+M1LmS/8ABgz6fJj3cfS3syvHPwmpezOxpscPtvM3fmnu\n+I/D/uBx/vZHj+0pPwu6LNLpXqHJeSi0r37FnisWa8Sko7OPktzXhzf7mTx44RxOS3rmXwEc9OWL\nJcZbp7NHb0+bFqtJGEk5zv1Jcv5MX1LRxxNPFbVer4Mul1EtNk8luqpr3XZjqa3zV+u0mLHhWTFK\n6l4yRzz0MseDNovJuk42kuE//JxNRp56eSjki4tq9yc1rqKKIjrcLNsNOj1H2cl7+L5R2ceRQrJC\npRaPOs3fT9Uoy+1kfpfD9mWViz+u4vtyi8iV1dpmGaabtV8GnHN424t0mnX5J5MXlj9S8siVuvYp\nHKzY7VrkpxzeKakuUbpxptcmPNjadrgK15M+XXJQinGFXIxanTvBkcXuuU/cvw614oKCiq3v5NeW\nENTi9NWqSl0vgDjtWmRez+CzJBwm1LZp1RHZ7EEehxbVC/IBXp/oH1JSgtPlluv0t/4O5NN8I8Bi\nyPHNSTp2ey+k69a3Tq3/ABI/qXv8mOorYnW3Is2KObFKE1cZKmOcG3sOJhXzz619NnodVKNPwe8X\n7o5nB9K+q/T4a/SyxtermL9mfPNZpp6XPLHkVSToqs9WhUSaTItBBQt/2HQUAmD4GhbtWFIOB+La\ntEWghv8AsHQLfl7DTIoXAUJjQHqOx0JcD6OzmOHYB3uFexQwAYUh1YxBAOgQUADoQwD8BuCGgEg/\nyOgSXuAnwVTn10SnK9lwEIp7sCMKb3LJx8uOiEo1dcElLySQEYutrJzknGkKaSdIhwAhj5E9wAXd\njoVWRTHKoRt89ILUFb39kUyk5O2EJylJ23uABW4UuAGD2CF+B1Q68d2K7Cly6ZF7MluDVsBWFW9g\nJbLgBcfkX5BhQEQaJNbEo4ZzTcU2kQV7UANP9w3KOho88PR5uX3FLnm0S1OGOVSqTeXGkmq2/r+5\nzotwdrlHX0mpWd2/Hz3k9qoI5mDK8OT1JuPaujoalQy44fcn6FxJLt9FGs08XF5caaiqTvtkNFqP\nFrFNx8G7tq6Az6rA8GVx5jez9zO+Tsa+H34x8FU4uW13aOTJOLafQVFmrQ6n7OSpu8be/wAfJlaE\nnuEdjV6eWsn5Y0kscdn/ANXyclxniabuL5TN2i1UnH7MpbV6fd/Fl+s0v3kpJeCx4t1d/gKhpciz\nY1u3OEGnFrZ/Lf7mPWaX/b5IqD84SVplePJPBlT3XuvdHYxzeV48kIwcJbyTSbW/FBHM0OdY8sVl\nb+2nfvT9zZq9Nl1WJ5ZzUlCLcXw3Hnf+5h1uH7GZpdry/FluDU5c+FaW6XcvgxZ743L45tbgzoZc\nOKcXHTxcnHdzbpUYGaRF7iWzTGLv4COvotUs8Fim/WuH7nRw5dvGbrxX9TzOObxzUovdM7eDKtRj\nU4teS5RuesXxoyaZpOStqr/BjnG9mdOMpyjT2XjW75Zhnjak1yRpzskPBmrRZ6rFJLxcrTbqmGXH\n5r5MjTi/wB0tbi+7ibxpUm5NvmRymqOpo9QssWp7ShBq/j/1lH1GCc4ShHxi43VcEGGrRD4J8EZb\nbr9yhGz6frMmlzxnB97r3MnKGiUe/wBPnhqMEckHaaG3vt0eX+ifUnpcnhkb+1Ln4PVbSjapp8HK\nzGgna+Dg/wCpPpH+6xffxL+JDle6O5fi++OCTXlHfsivlUouMnYmlZ6L/Uv0j/b5HqMMf4c3ul0z\nzvwyqTXYh9ibCC6F2MKsipJellctkNSrYJARVkkLgADsOw7AD1SXQ0hDOzA5GCQAAAth/kAoKAaK\nFQ+A4DkgYq3GKghpBTBD/sULrcrlJvZBNt7LgVOrAlGFoiiUZdN7Dkk+AJbSjXRW14sUZNcB3uAt\n7Dv4Gg5AQVQLYlQVFexJtQVvnpBJqCv+YplJydsgG222xUC5AADahioBK3uS45H+nYjfuAbvkTGN\nARoErGkDfSCIy4pEU96ZKiLQDfIfkSfKJJdsKEu+jZjyOSSxvwSXqox3ZLHklB7NqzNmrLh54eM3\n33ZS/wC5vnLHKNbycld92ZJ4Z41GUo0pcFhVa3LMGWWGakkn00+GQEyo7GT/APlYcdtLG0vKXSfs\ncrNieHI4yW6J4Mteibf2m02kbc+FaiLhhi5OD2l/1WEQ02XGskJY03llSV9PtlOu0iwqMozUvIz+\nrFNNWpRZvxZ4TxJyjHJLyflF9IDltEK35Nmt0rwOL/llujK18AEZOLTWzR19FqnmjLzkvJRqmv7n\nIa2J6fI8WWM02q7QVo+paeUM3k2m5RUnS4K9DqPsZVtae23K/B055MeRyhGUMiyX5Pu+qOPkx5MM\n05LxfIG+cP8Adxl5KUftQdOT+eDmKTxydNpPZ/KOjptU82VLK407dPiUvdkddgWZfewY6goWwKvv\nPMvsaaHjGXPu/wBzPqMMMSSWRSmn6oroWLNLCpqOzkqv2KXuyCNdiJP4IpNIqDsv0ud4Mylyu0Z2\nO/YD0uKayeM/P0JWr4/Bd9mOSKUGkne5wfp+r+1L7c36Jf2OvCf25VJtw5o19Z+M84uLafRnz47V\no6WXC5wlk4pXuY3RGmXT5fttpxTv3Or4LJH+Kk3Laovg5WbG4u0tiWlyuGeLlco2rXuBXqcTxZGq\nfjbp+5TX9zo6/NLPKOLxtwb39zBkjKDp7P2Cq6r/AIHY6vb/ANRFbbEEounyen+g/UvuJabK/Ul6\nW/8AB5fYsw5HjyKUW007RLNHvpLlkYy522XBl+l6+Otwbv8AiR2kjXJU/wDk5qhqMENRhljyK4yV\nM+ffV/ps/p+qlFq4PeL90fRYtvZmH6v9Oh9Q0zg0vOO8X8kV83avgjRfqcGTT5pQyJxlF00U12UD\nI8EmhUFG1ifsPhCAKQqYwT+SA/yLYbVoNgPVLgYtwXJ2YPsB3ygQAHQ6DhAH+AHQuwGJEq/uJIA6\nGCW4P3AS2TISk3t0En5CXIQqaLIvy2HXn+CC2YUSjvtwHl6aHKSapIgUHIDAIXCDlDCr4ASW9DbU\nPyDkoLb9RU3e5FDd8i6ChgLsKtjDvYBVsOktgWwk2AdgwsHuAhpWCXuNgJ8/AuB0IISW4V0MaVbg\nVuNMLsk9yDVMKkIFuW4sLyz8VV12ET0uSOKTk1ckvSurLMsG1eR+U5cURlpXHCsl8umh6fLUlGVX\nezfRmtRlcWm0yLRu1GLzUstpP2917mJosLEeDo/T9RKMZQjBzkk3Fro55LHlnimpQdNFZa9dp1ji\nm/TNJXfbMmHJ9rJGaV+Lun2C88s1G3Jv9yzNpJ4scZtbPlezAjqMzzydbRb8q+SiUXF01RZjl9uc\nZLlO9zRr8+HOscscanVNUFYWvcj0TrYi0BZgn9vLCT6aZ0seGL85TSlCUfuRvir3OTwkatFljHKl\nlk/CnS+egKdTieHNKKuk9ma9NleoeOC9M8cWrXcV7ktRgzalSlKPrgqv/qRzoTnikpRdNAW65Ynk\nUsG0ZLjtMy12adPhnq8/imvKW5Xnwyw5XCXKZBS17kWiT4Fz+AI1bsRKqQrrcqDhfJ1dBqfur7U/\n1JelnKQ8eSWOakuhKWa9BLJNx8G9lsVOGwYM8dTiTVeaW6JSbqvk0iqcbVPsxzi8czZKaStmTJPz\nkFdLBOGVfdnOMZuPi2+b9/6EdZgU39xQ8pRjTX7cs5jbj2af97L7ChXq2uV80ZGMT3V9kp/HLFXZ\nTURqwku1+4mRW36frJ6TULJF7dr3PZ4M0NThjkxu4yR4Dg7P0P6j/tsv28j/AIc/7GLFenap33ZP\nlA/VG47+xGMXHh8mB5//AFN9I/3GN6nFH1xXqS7R4vx8XTPq0kpKnumeI/1H9IelyvNiX8KX9mGo\n8+xNDXs+RMoVAAdgIBvYTIExugoOAPV0DBbMPY7MBDqxDAYAhgFhQIYByALfsKQD4KpSvZBKVjxx\nT3AUEroco3b6E41dE4O3T4CIRdbdDm1skE0vLbgjXICXIMK7H0UDDYPgErYAl7DcvFOuRSko7Lkq\nfJANuwBAuQovcORgtwIob+B/gVAHIIfAV7EC6Gl78AkuwbKhPkHwAcgJbLcdXwP4Dj8hSqmR3v4J\nMOqAiJqyVbCoCWHBPJLxiurJxc9Nm68outy7TZlSx+NzuotfPuLVxi2nFuUkqlfTA2YZeUZT9MvN\nLnp3uqMOq07wy8tvGTdU7I6XMsWVOStVTo6ccWOWHwjHZq18WEcmeVzik+lQlhnLHKa/SuSWXG8U\n2uVezrks1OoWTHGMEoJq5JdsLrILYk06WxHoIcJvHNTjs07R09Nkx54TlnbanPdXwzl8lmny/ayK\nVWlyn2BHNicHw6b2bXIsMYyyJTdI6uScdVgUfFqCVQvd3+TlzxyhN2uHVkqxdqsVpShBrbejEtjo\n6bO5pQ3bd3bM+rwfbm2k1DhWzMv8bs/sZeQ4Y/gTNsN+lyZNR4QWSpQTr5KtVi8lKeGD+1FpNv3o\nzQm4TUoumnaZ18GWOowTvZyi1KKW35A42Oc8c1KDpreyzNlnqsvk0r+ES1enenkqaakk0y3TKKg6\npXzJ9fIGKcHBtNETfqsf3PVXqUb/AGMMk1t7kFbjwIm+SO5QuwbBi7sC7S55Ycqn12vdHWy5oOCn\nB35dHDLcOTxdP9IlSxqlJzluT/2uRryolpUnminwb0pSm+kjpzzrh+n6Xm5HJlFq0+URaNWuS+9a\n9jNzuZsyunN2alp8Ty5EjY9NikvGLfkUaPKseSn3sbPKGOPK24Z05kxx/TrqXxy8kHim4vp0QqnX\nTL8/lOcp16b5opqzlXo5+E1boE2nsF1YWRp6n6D9S+7BafK/Uv0t9r2OzJNv4PAYcssclKEmpJ7N\nHtPpmujrdOpWvuJepHOxWqD6IarTw1OGWLIrjJE5L+lDjK+uDKvm/wBV+nT0OqlCS26fujD0fRfr\nX02Ov0skkvuxVxZ8+z4Z4MkozTTXIVVVciJCooVWK9qHTAIQBQEV6urGthDOzA4Y6CmwAaAEMA4D\nnkAvsIHsQlKwcrH4OrClGNoj+l8bEk6e/BOS8t1wAJqa42RW9n+4K1tYUAt7DlDCgEAUNK3sVBXs\nEpKOy59wlOto/wBSndkU3yJjQAJDWwPgErAEtxv2QP4EgEMKDrYKGNKuQWy3DkITAGCAGqGl7BVv\n4DjYAf8AcQf8iS3AAG9kaNHCE5vy3lt4x92Bnaa5FW5v10E15QTai6b66pGB8gCfjJNbM2QzReNz\nfryydST9jHySx5HjmpR5QDy4vtpO16t0i7SZvGX25TqL49k+maIQx5oyyNX58/8AZ7GCeOWOVSTT\nA6OqxOen9cnOUE2n7r3/AAcp7HQwZMmbAoxgpSXpcu6IazCv14oejuS4v4CI5MuHJo4x8UskdlRi\naGlubHjhDHTimnG0+2/gDCKiUlTFyFadHqHj8sU5OOKez+C+WB5ovBhdY4XK3/MznF8NV46d4vFW\n5eSle6CKE3CVrlEm8uon425N9CcZz8sjTavdjwZfs5VOk65XuMXRLTTWF5KtKVP4KK33O5i9cHKU\nFLFKFxiuFvuczV6aennvGSg2/FvsDKzVpNZLTuSjTUvfoygwNGoi8mVP7n3W+ZDzYJaSadqUZWv/\nACiGnzfb84yipQmqaf8Ak36tLNiXm/HLKKyQS44X/gChJ5sdOVRq6917GbJF523FUoR2/CDFl8G4\nzWz/ALFuVPLG4bRil5te4I57F+ei3NCMMjjCXlH3KyKixNbknuKghMQ+BPcDTp8rurqS4ZvjrZ+P\njSv3OOm1uuTZiyeW6/Ujc6xjriX66OTRvHp3lz25NbLv4bOddHX0+aObGpTjGUlUXGT69/6mLW6Z\n4cjai/ttvxb7RNakxlpJ37lmHxlkSm6iVrbkN7+C6mOtnwyyYceHFHxjKpN/4OTmx/ayyhaddo6f\n0/JHJCWOUvFre+2ij6hp/GTy44tY2Zac/nftCTsfA2uwhbI2fTdZLR6iM4vbhr3Ri5JLbslV7/Dl\nhqMMckHcZIcm1v8AJ5r6H9ReCf2sj/hSffTPTvfdHOqE/JXVHnv9R/SVmxvUY4+pfqS/yegTrYco\nqUWmrTIsfKZxeOTi12Lo73+pfpb0udZMa/hzun7fBwU/cqot7ASoVEEbAewFHqh9AM6sES/AhgFA\ng7BhDbISlYrvYTtUA3GicJXs2P8AVyyDjQDlG7ceBKTqgTdV0IKb5FXsAIAAOBqNsASsjOSWy/qO\nU9qRX2AgQ2HYCYD5HVcgCQmx2L3AXYwoKAA4HwIAAKAABKxpbBIAb9hNAhgIB1br3Lng8cTlPZ9L\n3AtwaWOXGpNtXe9bIz5Y/ayvwbaT2ZbpdQ8MvGX6HyjTmxx1DbjUVGO3/cwDFk/3OH7SSj/1/wDk\ny6nSvHKVPyjHsrjJ45Wm1+GdGFZ8DiqUZPjtflhHJoTXZp1WD7U3X6W9jOwq/R5YYpt5L8a4RHVZ\nozqMFsuJPllJbp/BZP4itdb9hFUZThtbXudHDqFmwfaqorG/Lbj5K9Vglk9SSbin5NcMy4sksOTy\nj+AJZ8P25bO4NWmQhlUY7q5Lht8GzNmh/tkqUlNbu91L/wAHPYUTk8k3J7t8kHsbdHHGlLJJryx+\nrxf8yKtTjm5eXjSraukEZmFDr3FwBr0urhixzx5Y+UGnX5MbQ6uW50MWCOBZJTcZxapJbt7WvwBl\n0eZY8yWSUlCmtujpS08MumcfKUu43zbOVqMM8U/Wqvc16HUTk/tOSWzavtpbKwMGXG8U3F8ptbFZ\n19bhlPTfcyKKlj7iuUchoKR0NLnh4OOWPk4q4P59jATi6aIrXrcSyJ53H7bW0l7yOe5OqTas7OHJ\nDUuEpryyQSXh1L5MGv06x5puEWsd7fBUYaESACD2E+STFyQITXsNcbiewCJY5+ErIsT6A6GHK4yj\nODprc7Onlhy4oxnc/J7ruzzeHJ4yp8M7H01PzdSVbeXvV9FGbWRjHJcV4u3cVukUc7M6+twLLh5i\n5w3tbbf8nIlFp09qCLcGX7M3Lx8nW3wdHHkWqw5JOKUa9W//AAcp7onhzzwSbg+VunwFSzaWUVOU\nU/trhv2Mq2fwdnNWo08WpeKnXl/+Rys2GWKVTTW4RU1TQx7PZkeHXYVfjlR6f6L9QWWH2Mr9cV6X\n7o8mpNF2HPPHkU4tppmbFe7kqWwRut+TL9N10ddplJOpraS+TTKVfBgVa3S49Xp5Ysi2kufY+d/U\n9Dk0Oonjmtk9n7n0qLtI5X136WvqGmfgkssd0/f4Ir58DJZISxTcZJpp07IvgKiHI9qdhdFHq06Y\nyK2YzqwfDEhgQHBXKV7IbdhGkyoSuL3LK8txNeW6EnQBwwlO1sOcvJ7Ea9wpDAaKCwFQ0v6EBFe4\npy6XATl0uCDAVbh2MFyAkh0A17sCKQ275BiTvkA/yMKBANIOAewkAUHAcAwBBXuJfI3uANgAUAMC\nSi5bJCpp7gJNpp+xtwy+9J5MrTeNfp90YxxbjJSXQFmbHNVOUKUuCzTZE2seT9F3fZoWb/cY25r0\nRdyS5bZgmvHJKMXaT2aAv10McZpY1vW6KsGZ4ppveN7r3L8EP9xBJqKUeZdshqcKilOCahLp9BGv\nUY46jGpRbcn+nc5k4uEmmqZqwaqOPF9uUX3bjyPUwWaX3PNW0qT5YGHgXZZKDjKpKmVhXQ0efyx/\nZk0n0/f4K9dp0msmNbPdr2MltO10bHrm8Hi95NNSsIxQg8klFct0jXHTKOnm8q9d+muzIr5o0YNT\nUpvI5NyVWuSjNJOLp7M34fHKlOc3HGkozj79GTUT+7nlJJ0/chjm4S+O0A9RheLI48rp1yU9HZnH\n/fwUYtKKk2pPpVx+f/BysuOWObhJU0yCqi3T5vs5VJq48NfBU07BlHV1LjrIY7VXFuL9vz/T+5yp\nRljlTTTRr0Go+3L7c36Je/Cfuac+CGfNDynU5qr9+dyCENRLLp4x8JOTTg2nt/Qya3DHDkrGn4+/\nP7BHLl0zlCMnFNm1ZMebS/aSVKCd/wDT73/72Bx/cafBZmwvFKn2rT917lT+ArTpsihljOTaj3TN\n2pyRyw8cXrxyaU2/+F0cuDtbjU/GcXvSfRBDUYvt5ZpJ+MZOJSbtRkxT0zUG/J5PKnzwzLjwyyX4\noCqhEpRcX+CL/ACe6RF87kqBlEWxD7FZAK0zTps0o7XTXDRm/Ak2na5A72h1cVFYsqVJ3GTXHvYt\nfpvNPLjhKCW8rdnOw5PNX/Mjs6bVf7jE4zcXLe4v+d1s3/QDj/p3E1Zs1WKEMsowTcm1SX8vumZe\nHTKNGlyxtYsn6LtfDo1a3yyYlNtScV40lt+xy3sdDQ5nkccTr0/prlhHNknHeuQ2kvlHQ+oQxrFj\nePfd3XCZzuP2AXI06diezvpgRW36brp6LUKcX6f5l7o9pinjz41kg04yVpnz5bHb+g/Unp8v2cr/\nAIU+PhmbFenqnfA7XHY2r4K16G3TtmFeY/1P9HtPV4I//ml/k8nVOmfVJxU4NSVpqmjwX1/6TLQ6\nhyhbxz3T/wCArkNbbkb3JciaKPVJjQkg4OrBt0RlJsi35fglGmQEKT3HJfzUJxaHd98FQRl0+Ak7\nZF87B0AwAApgl0Ikvd7BAl2RnLpcClK3twRYUAAbgMQ6D5AOEAfIuwDoBr5BKwBL+gfAn8cDAQwo\nKAQLbkGPgIXL3HQLcEAhpXwC35HfsBbhnS8UvW+GPLijGF+fr9ihNppolJucre7ZGtQJE5YZwhcl\nV+5CtiocJuL2ez5NUdMs8m8e0W6VmM0abO8Uqb9D5AquWOTSdUzdjyQzYop3KfHj7vfcebCpYtkp\nSfFPoxRc9PlT4kgDUYlikvF+UWtmWafLHZTe8acX/wAE4wi4Kc05Sk/TFGfNjeKSW26v8BGnWQeS\nKyJJV13XTZgaN+LJDLH7mR7w5X/UjPnxU3OFvH02BmrYBsErRVao5MMtHKE1U47prsxslGPlJR92\nbMenWPFNZYXK/Su2QVaPJjhk/ixTT2t9FOdQ+9L7bbje1kZxcJNSVM06XDCSeTI/RB+pLkIhpdRL\nHJR8moSaujRrMSnOEVTm6S8eKMupwPDk78H+l+5Zg1EpY/s8SbpP/gDLlxvHklFu3F1sVm7W48UE\nlC1OO077fuYqKEdHQalSXjk/XGPofv8ABzuiWOXhNSatJ8e4GzW4Z58vljVyUUpRX8r9jLp87wze\nylGSpp9m/Tyx5HPHjk4xa8pSfKXsYtZgWDPKMX5R6YGnU+C0kVKLlOcV4T662Oc4uK3Ro02SME5T\n9TivQn7l+TDPNkksskn47OqVkVz4sJrYbi4TaapoJrYip6TT/fmk5KKvdvo6ywRw43ijG5/4ONiy\nyxTTXHaO5p8sckLjvk6Zmjl63TPeSVNco58kehzYGoKfKkcjV4Pty8kvSyyjGIkyNf0NIOiLJCsg\njwJKiTZHkBwm4StHS0c4vLGXkorffrg5hbhyeDrpgejx6fHqIOUKVz3l7VvscfUY3iyyjLld+5bp\ns/25pNv7babr2N+bTx1OCWZpRteSdlHIW6onp5xxZVKdpL25srpob/uVGnNrISj4RxJxSpN8mKXt\n2Np9CpoAT3FuvwNKgbVURSbGpVLYSFe5B636D9S+/jWnyy/iRXpb7R1ci7Wx4LBnlgyxyQbUou0e\n0+m62Gv0ynxNbSj7MxYrVB7UZ9fo8et08sWRbPh+xfJeL9l7jUrdGVfM/qGjnotTLFkVNf3M3Ks9\n99f+lLXaZygv40N18/B4PJCWOTjJU0Fen/chJtv4E5X+Bprs7MHBJoTVBwT/AFbvgATtb9EexboA\nh7VsNbCC7Cmg+QHxu+AGvnghKVvbgJSsiAxcIdCAExhQ+EAlsDD8gAUIfwNb8gKh3sJvYSAdUAMK\n2AA+ATrrcAAL3AKCBoaQJe4PcBdgOhAOyUGoyTatXwKKTavZM6DwQWGq7/V+wUsfjmhJy9Ta3/7f\nwYsmNxe6aJ4sjw5E1wuUbskI6nH5Lmqj8fkg5fYWSnFxdNURZRp0+ocF41bu4/klnw8ttyyd0tkZ\nIyadrZo3aTMnHwlflbfPNhFGnzvBlTkrXFMvyw+9jvlpWmlz8FetxSjJTdNyV7LgWkzuD8JOovt9\nMKzq8c/Zp8M3RUdQk3tj3XiumE9P99ucmsb6T7+TPpZ/azJOXjF7NgU5sbx5GqdJ7P3KltZ0NVOD\nxyjTk/K1LpfBhaa36AikX4M3jJ/cbdxq74KGAF2quUovxaTikvn5Koy8H8do26RRyQlKc15RVJS3\npENbpqf3YKoMDVL/APnY1FUo+X6q424OXkxyw5HF7OL5LNPneOVeTUW9zXq8cMjiovyk+H/2/IRj\n/wDnhVOWbyu76oWbAsWKLb/iN8fANy0+d+Mt4OrRvwyxZsMpZI+U5tuT7TA475Bl2owSwZPGXatM\npAePJLHK4v4OjFx1MFBU4SirbW8Wvk5hbg1EsMpeKTUl4tMKhqMTw5pQu64Zdp8qaXnJ+cZJq+12\nGTTznOPjLz9Kd+3wZ/FwlT2aKNmqxxmm4/rxx3XxZhk9jp6fLHLcmo+Un6lRg1fh91PHumvV+SVW\nd7GnSah4pJN0mZqthyQeiWqisbyzcW0911Rw9VqfutxivSVSyyklFvZGvS6XFqNNk9VZVwmSRHP3\n3FySexHnsoVKyNEuQCotbiJEegFJCbGJq7Avw5P5JP8ABrefJ9pY1J+KObZqw5PuKnyv7hF6xvxt\nlTbUifm1HxsjyrZpCfuIafXQmqARFjdifBFDVq1yiN/1Jcbg/cCN7m/6Xrp6LURmn6XtJe6MFD4J\nR9DxZIZ8UckH5RkrRFJxtLo839A+p/amsGV/w5cP2Z6eStWv/wBnOzGiTUkeU/1R9Ip/7rDHZv1J\nLg9VHbZhkxxy45Qmk4tU0yDx72YvwWtX+UVLY7MJrflhyR4H+AotjENBDQB3uSqmFJe74IuVilKw\nAA37FyMIBiJbdBSboG7dgJgP5DgSTJcbsA+QuxWMBANggBIL6AXQB0FD6EADQIAg/IAAUDSBL3Hf\nSAXwaMOfxj4ty+K6M4iDXqcS8XNbSb3j7Lojpszwzpv0vklhnGacskrlHhe4p6acsX3dqe9ALV5Y\n5pppbpU37mYnCKckm6T7LssG8anCFQW1+5Rm7GpOMrWzQmAG/Fl+7FtvynJ+Lj8fBkzYZYpLyVXu\nhYZvFkUo9GrLkhJSnOSlJxqMV0EV4ZLM6yPeC2+V7C1GKTvIoeMfZdexTG4TTa+aOjjzRzykox/K\n7kFYMeS3HHNvwvc1yxRnh+3FJySe/wC//gyZ8X23cXcL5LNNk8o/atRblal8gZJKnQjbqcCe8GpS\nTqSXv7mNppgCdbm7T5nnUvNeSik3FfzGBjhNwaa5QFuXA5eWTHF/bW/4JafO/H7L28nSl7XyaoTj\nlhJpuELuXxfSOfmh4ZGou0nswL9bDHBKEF4zg6f/AHfJRps0sOVST52Zbhis8Vjr1uX6vgWo0zxY\n45FbhLt+4G3Np45YLyTglF+LfC37OTlxyxyqUXF+zNeDVP7kFmbljj0aM+H7uKc8jUskY3H3avl/\nsEcjsGiTQmFbtJmwww+E0/JyV12WfUtMpr70GnO/GSXb7/8Afk5fG/sdDSZ7Un5Xm28b/wCPkDLp\n4qXljdqUlSf/AAPBplKSc/0u1+6Lp6XJmyZ5wSTi7pf8GfBlcJ+Lk4wb3oohqcPhUo7wlwyg6yx+\ncJQr+Av5/d+5zMuN48soP+V0QVsE2uHVjFwwNK0jeJybSlVpe5kao26TP/JOuO+/gWsxRcVlxqot\ncGN9bzxhEMVdmmEQGKgExMYmFRJRk4tNcoOiLA2Y5qcfJE0nkkkuzHiyeEvjs6OinFZoN8Ps1GOr\nk1P/AGUvC7V+xnlFxfjLlHW8G237PZnP1slPNcf3N9SRx/Pu9XKytbiaJ8kWtzDug90x8DaQEUuH\nXQh87MXHPJFSg3E9Z9B+pf7nF9jLL+JBbX2jyPZbp888GWM8bcZLhksHvpr29xQ2tN2Z/p+shr9M\nsi2ktpL2ZotR4RzV5O+xSjasf+Bo6sqtwsnNWrRDeyiQXsKyW1WAdWxebE/Jq6I7kD5D8i5HyADQ\nJAUN1QIQAMBLfYueNRx3J7vhAV1QMQEAwBFmPH5W3tFcsogAPfYAE3uHIVYJMA+Btf2BbAAktxgD\nAOhpByAA2KqHyAAAAAQk4yTXKNsJLK3km9lzFf0MSJwk4yTAllhKLtxcU+EPHqJQxyx8qXv0a1Ba\nmDflUbun0YZQcXbVECcJePlWxA2YprJFx7rijPkxOMmNXFfRLHPxduKkR4AqJTm51fSoUJyxyTi6\nYmHQHRglq4OEEow2tf8AS+zBkg8U5R9nVoeHNLFLZ7PZo25ljzQjDFG936n/AMgVYJqePxgqzPa/\njsp1Wn+y4tPyjJbMgm8eTZ8Pk6M5QliUpyTUo7pLdP8A4COQFFubH4NLpqysCeDK8U/eL5RqypZ4\nrHjivBfpn/mzAnuadPm8YvFN1CXa6KK4ZJabK5Qe/Bvw6mOXF45F5OVpr/BVqsHlGHhBKUV78ox4\ncksOWM1ynwQS1OneCUbaakrVFunySyQ+1OXjCNyk+69i5Qx5I48sn6N215W+eDNqML0+S4/oluv/\nAAwHmhGeKU8cFCEO2/1GI1uU9RC5SSjDpbGfJ4rI1B3HoKrY4ycJeS5W6E0AHU02RZnCcsm7k1Jc\nVtszNrdPv92CSVLySfD7M+DK8OWMqvxd17nX06xSxOSW01bTd/G5Uc7S55tfZ8kr2i30Sng+5B44\nq5Rbbk/7oq1Wn+xJOLuPTNGn1KyRqS9aVbdpdhXMlFxk4tbpkX8m/WY/O8ijU73Xuq5MLrsgXHBp\nWsl9lQ8U2uDNaCMvCal2tyZqy4lHBPJGcktoryf4KaO996Op00PtqMHNuM3X6V8nI1WB4M0oNp1w\n12iozPcHwMT5IpCoYgE+BdbDDgCNMv0+Wn4vjplD3QLZ/gI6kMs5zjBypN1bOisGCGB3UvJO5d2v\nb3OJhyeSp8o7X0/UeUY4/GMpqSVNfy//ALLqTmRyOwl8GvW6fwrLD/453+xjXyFLr5E6ZKSohWwA\nwe62e6BoXG4CvsfYP3ERXQ+la+Wi1Ckt4PaS+D2eOcM+KOSDuMlaZ8+To7n0D6p9nItPll/Dk/S3\n0zFgzjsnkhW64IG0MUl2g7H5f0Ar5GiTVb9F0YReJ+KuTAUKlCiicHBv2JtPHOi2lkiFZCUIuUqQ\nTg4yaZFNxbr2KizIlF0nuuSCBfIAMAScnSJzj4Ur3AituORuTk7bI9jWwE5YqV2Qouw5E78xThSv\n3IqsayS8fG/T7C7CggEMKKHBObpBJeLaJLI4w8Ukr5fZBgJIkLslGDk6juwEouTpFmTFLHV+1ixy\neKd0a5v72Pa0nbX7EGDgY5RceRcAAdgBQ7EAwEMC3BjUpevhK2BHFkcHVvxfPyasq+/w19uKbTr+\nxXkw+ULjFJ+xHBlaSxTa8HJPfogrUnin6WWuVx9Fty/VfRZmwfch540tk7oz4puEquk9g1qOWHhK\nk7IGnIoRx+EPXJ7uRRkxyg6ls+QiHQhi7KgouxZpQxzxN+mX9ingLAm8T+68cX5b1Y35YZtPZos0\n814uGyk+JFuox3j8pNOapKuwM05ZNRNbK0q2RXLHKP6k1ZdpsixZfUnTVP4NusxfcwKSkqSXigOT\nVAhyTTpioqN0NVH7WOMYt5I8W+yrLp7lJeSeRu2ktkZ4ycJKUXujbpssXhqKX3PLdvtb2QZdPlji\nm/OPlGSpo6E1DOoQlGTjJKSd8bdnP1GHwkpRdxe6ZfotV4/w5y9L4b4iFZM2KWKbjJU0T0+mlmdq\nvG6b9joarFHPatedeW/L2Oask8XlHhSVNAQzwjGbUH5R96KjpThHU4lj0+NOcV6n7/Jz5wcZNPlO\ngIrk0aPVPDNxl+iSpmcSVAdfW4paluGKo44ryj/3Pbj/AN6OTBuE006+TZo8v3JQx5JteFuD/wCA\n1mnU4LNhxuMVH1L26AWXNF43DFcptJOfx8exhy43jl4y552Jwyyx2ourVMrbbe7sioUJ2SfGwUEW\nYM0sXkuYyVSXudDNhx5cLwY4ueRNOOT3utv6HKaN/wBM1OTGp44R8m1a+GUc7JBwlKMlunTIfB19\nZo/Knf8AF/mf/U37HMy45YskoSVSWzRBVXsJqyTI9hSr+oNDaE+CCIhsTCHFuLTR0dFqIwyRyNN1\nyk6OakTwz8JX0+Sj0cZLWaVJOKtvyVcPqjl6nTz0+Txmq7HpdR9nKpx3i0018PY6ssUdXCKc1L//\nACe3Ff8AIHDu9mJqi/UaeWCVteltpP3op/Vv2UQfIrbZIOwIrb9wapgNU1TIF2CfixLnfYVhXbx5\nl40J9UZYTpmrDJBEa3HVDlFxfwRe/AD/AMDxy+3P4YhpXyBZlx2vKLsqhLxe/BZHI1KpcBPFaclS\nQU5RU0ZpRcXRbjnTp8E8kfNWuQjMJbjkqYUUOM3DePIrt2wQWA0Nep0uxDi3GSa5QE54pY2rJxkp\nfq5CUpZYp2uaSIThLFPdUyKeTH4pPpkCc8vkiFPkFAB0BUAAAAX6fKoOntfZQHBBqzwvyl3e6KsO\nRRmlL9PaJYcnPk3dekWbHVya8W3+kC3JFzh5z4S2fuZWqZdimm1HI/SuC3LeWLk4qNf3Ax9jBIbY\nCGJD4AfCHCfjKyIijb5eUPgoyY3D1L9LYseTxdPhl8o+e7/QuSA02dtrG/wn7CzwvG39vwlF1sUO\nLT8kmo9M2aWayemXKi1+SjLjy/ajKl63sn7FMnfO7NOrwfam3H9D3TMvYADC9wfJUAqAApo1xy3B\nPI2n7+6MZZHIvtuE1tyn7ECySeWd1T+C7TZqajkeyvxvhMt03g4XBepLco1GLw9aVRb2QFmswTlF\n55JLhOv8mH8mjLqZ5ccMcntH+5DNgnijFyW0ioqJQnLHNSi6aIiIrqecMmmeylcfH58jFqNJk06U\npcMWnzywT8luns0zS4NYU5J5XNXBJ/8AvuA9JqfLHJTp5Etr4aKNZjc5zzQflBy5XToqg3hzeuF0\n94s3aeWPNicJLwxqtl2/dgYtLknCdQmsd8tj1KxtQx4V5STuUvchqcTxZJJX426fuSWoWPAo4/1y\n/U2gM04PHNxkqkuUyDJt+Ttu2yMtgFdbnX02XJqdNHH4elemcvg47LI5Zxi4qTUXzQE9XhUMr8OH\nvXt8Gdo6unXmlDAk2lc5v56MWrxrHl9Kfi0mrApUU0DiiUeCRlVLgJSlikpQdSXDLnwVZOQNujyL\nJgeOKazq2pLmS9jNqcPhCMpyf3Zcx9l/+qKITeOalF01wzq6SeDMnkzeqcrU13d9FRxXdi5N2r0b\nwSi3+matGfxUUSqpaog0XyRBpewFTVg0TaIvlFRBhY2iJBfgy16Xw/7HR0+qeK4tKceUn7nH4NWD\nJ5LxfKCu3qcX3Yec03mcN4rhNf8A1ucd7S/B1dDrbh9uezSpS5b34M+v0qhNSxJ+LVtf9LvgqMT4\nuiNWT/TsyLVFEAZJkeAE9/yKhu+QfuQb1jlzRKLcWkzbCKpe7M+px+Lszq4tg/PZsU4eP7meE9+T\nT9xShTXqZRDoa9hNNCsqJcksc0k4yIA1f5AnPFS8lt8Bjl0xwnacZPcjkxOKtcBTy4/JWuTP8GnH\nO1T6I5cfaAoBcAxRKhjTEO6AsxZPtybqy5qOTHbe7W25lXJPHLxlvuiAa8ZepbF7rLFVSS2S+Bzg\npwc29+imMnjnutu0AZcfi3W8emV/BsdZIRXT2M84OEgqAMLFywhgAFAm0asWVSbnP1SSpL3MrQ0/\nGSa5TAvzxusniop9EsU1kqM/5Vt8koOOdOUlbW1JlE4PHJ/2IJ58VeqKaiUM2Yszyw8JcRVv5KMs\nFcnH9IFKewwSoAABv4AoC7Fk/lk9ioXAGxttOOyxmaEvt5VJcJluOfmlF/v8ksmN5I+lLZ8gafuR\n1KlGD2rho5+fE8WRxfQYsksUvJPc0ZckZYqS8rVt9phGG+x8objtwJBQFgFAHImMXYFmLI8UrXBv\nbhnjKXTVccHML9NleOSi94t7oCGfE8U9t49OiU9TLJgjikrp8k9V55Mqila6SM8W4TTa4fDAU4OC\nVrnggzo+MdRjSvgwSi4SpklasRNekzY445Ry3fVMyC7Ky3azE5+qqkl/X2/JihN45d1e69zXh1F4\n/Gb9cN4N8EdbppYv4jVKTqvkDR/D1EJuTrE5J3/0t9HLyR8ZOPs2i7BkltiTXjN1uXyxxyJwwxqK\nW85d17AYCL3JyVNq7IsCNMBi6AswZ54JPwdeScWdLLjWpxNQacbX229q23tnJNOj1H25eE36G734\nT9wK/Fwk4yW6dCs6M4Ymp4pJzzr+ZcPswTg4SafKM1YiynJyXdFWRbkWqnwW6XK8OeORK/F8MqkS\njsyo6MnDNjjJqSTm0t7rYyanF9mfunwaNNlXhXtyS1cHPDKVr000q3YHMe5GW/4JsrfsEJ8EGTaF\nXuBAVexKq4CqAi0CuLTRJkXYGvFk8qknTR29JmhmipN3NRUZJ/5+TzMJuE0+joaTO8WWGWNNJ/27\nKLvqUKzX4eKa/r8mO72Z1s+SOfAo+MskqqMr/wAnMyw+26b34a9gKntsJ/HJPZpEQF0Lgdbi/IHc\nwZYyjdlWryxklGPPZzYyceHzwyxO2tzMirN6LsWSqvlFCftwSj7lG1yUor3IVV2Qw5KkXyrIrRUV\njXAt1swugHV7rksck8dOX7FdilG1YEVs7RdjnaplKW++wJ07RRLNjp2ik1wkpqmU5cfi7XAFYcsO\nwQDBfIcAwLsWTxaT/TzRbKDyXKT3oyl2HK00pPZcECxZXilTbr2NU4Rywu1xs/cz5sUmnkrb4Fhy\nK1Cb9Pv7AVSj4toSNOfGpScoLYzcANbh+QC7RQAAASxzcJKS6NjnHNHynwtjDtRPHLxlbVr2IBpw\n36NKazQdKkqtLtinBZlcbrfxXsiiEpYp/joAyYnCTT9+fcgdCKjnhG2qvhdfBjy43jlQEECEMAAF\nuDW5Q94tM04p+Sq69w07hkknml+lJJP2FmxyxTcopqL4II5IebqKrxX9ivHNwbXUlTNEZLJFLhd0\nU5cXilJLat/gDZLFj+zKMY2nupe5zmqdUadNnULhKmpe/QajGvKrvJJ26KMoDlFxk01TRHdADAHs\nACD5QxAadJlUHTpX/N2izWad+rKq9UuDD2dPR6lZEoZN5xW1+wRgxTcJK36btonqcmOb9KbltuWa\n3Tfal5R/TJ7fBTp/D7iWTgmNb4paa6pC7OprMflg9GO3Bcrhe9HLoqC64Ohhzw1EF993KPXvtyc5\noljm8eRSjynYEs2JwXmlUG/TZZhzOeH7M8ihC7t/4I6iTzR+75Jb+Ph7FTxTWNZGn4vawLM7jNpY\nYVGC3fvvyZWi+Wd+CjBKO1Ouykio1tuKxv2EioGHAdkqsiuhoJOcPtxivuXtPtIWp03hjWSCdcNP\nkzYsksUrg6dcnR0+WOfFvc8qfqj/ANS6IOUyE16TXqdPLC4t7xkrtGSTQVV38Ath8sGtgycJuEri\n+DdjnHJGPk7SrZ9M53RPFl+3Jez2YGnV4YyjPJGPi9l4+xgezpqqOvBqXjtbe7rte5j12JKXmvJ+\nT3b4AxC36G1v8C4QREJD5EwIkWSbtiZFR6LsGTwfi3sylsCq7uk1qjOMJRjCPHkl8VZLX4oZMcZY\no7ra1/N8nIwZPL0vrg6ui1KaljzZKilt5cVZRznadC6su1c4ZdRKeKPhFvZFSdc8BEGIskuK4IVf\nAGPT6rwXhPdG6E00qOMnZu0eaLj9uez6ZmVXQi9jXi08pryujHi8VNebpHWxSjPGvAWjLkwyxE8O\nVpmjIv4b8jBdMSjdP1K0tyr8ixZb5LMiTark0iHuNP2FXQ+ChSXaHjxeabsEFuLtcARVwZo9M4jq\nOVeT6XSKKlBraiCGWDi/ghwbJJTiZZwcXuAgFY+CgHYgA04s3lHwnukthZsNXNKk3wUXRox5fPeU\nv0rj3IHgy2/GfSoWfFXrivSxZV4yWSKpPcshmWW1JVsBkAsyRVtxWxCigCgTsAD46DoQwLcOX7b3\n3RryYo5U3acq2+TnmnS5vF+MnsyCOLI8OTnbs05oRzQThtt32U6nF5eWSGyXRDT5fGSUv0v+wFLV\nMDZqMKaTxpbc7mRoBxm4yTXKNmLHiywcpO5y9uTEieLI8c0wHkhLHKnszVhyrLF/dVpfyoUksuLy\nnvNraujOvPDNP/1gT8ZY7yJeiyy1KF9NF+NRzYGk6Tvb2MUW8cnGXACyRSipRVe6LdPki14tfxG1\n4yJqCmmnw0jNkxyxT/5Av1GnUY+fk/w+WY3yb8Op88fjJeU3t+xlz4nia3TtXaKKnwIYgAQwoCJK\nMnFprlAIDd9+LSlkfk/1KK9/kxTjKNSkq8twhJwmpLlBObm7fQG3TZ/uw+zOVbc+69ivVaRQ8543\n/DSW/wAmRNpppnTwZYaiD836nSaS6A5L5Do167AseTyjxJvb2MbAlCSjNOW6vdHQhFzxy3j9qXV8\nI5pp0uVxbi78Hu9roKz5oeE5JbxT2fuVmvUZYSg4JXdO64Zkaa5QCEv7khWEKrZZFUQjsy2+DNUm\nSx5pYcinB00QkyDYHWTw5tH6U5Tql7qTOVqMUsM/Cap1ZZps7wTvmLVNGnWyi4+eb+JOa9Fe2/8A\nyEcwHwNkabKIhVEuERsI0afLXpbq+H7G7PDyjFZF6WuI77s5DNWPL92Ch5PzXAVlyRcZNezIN9HQ\nnD7s35UoNOSdexiz4/tZZQTtLhhFb24INjeyF0RURfA73FLcKNkJtIKFQBdbrY145+cbvdcoyDhL\nwdoI343Hy3I5PG/SRhJTVrhj2T9yqS4E7JpOcqim38DnjlB+Mk017gcFE097XJWO9zCunpdSssVC\nf61wzo6TUPE6k+OjzydO1s0dHTZ/vKpP1r+5Udaerc1XCKrvcojLejVhhsnIoswwtWy6L8Zb/wBQ\njwNx2GmHNXTRXdk4zcV4g8dK7tlREae1CfIIocJPHK1wy3KnOPkn+EVdUycMjhUXVe5BCEnF10Wz\ngpqh5IwljbXPRTiyeMq6YFU4uMqEassFKNoyyVOmAAhcDKAadCCwNmNrNF+T/YzSTi+GKM3F2jVH\nxywdve7IIKX3Y1wlzXZVkg4Sft7iTcXaLcuZTxpd/wCCooYMbi0t0IKBpCYWA9guhIkBq0+RTThN\n89+5HPipuUV6TOnTTrg248sctqSpVv8AJAYc6qMGl7WV58Sfqxp12V5Mbj6l+ht0yS1ElBRW3T+Q\nqloRNwl4+VbFbW4Rdhy+Dad0y+eNyxKndbr9zGatPn8V4ye3T9gIYMzw5PjtGjMo5XGSSUEuSvUY\nk05rZvevgrwzW0Mjfhf9AJ4Z+MkpcdFmSLyppVt/Yg4PK/8AphFUmxY8jVx4aAp9WKdp00yUITzz\nr5v8Es9fpq67IYcssUvJf/sAz4ZYZuL3rsqOt5QzRuvK1X/0cqcXGTTRREA3DsBdiGDAQB2ACJ4s\nssc1KDpogHDA62Vw1GnTa8Yundd+xysuN48koPlOicc2SKSUn4rhf3NE61E/FRXqS9SXfYGCyeLK\n8U1Jbrte5GiLCtGD7U8rjTp/p34LtTi+62oR9UVzwqMCtO1ydDT5/vQUJN+fv7oDnNUJm7Vae25w\nr08pLhGFhASb2IdjsigGJsTCBuyzFkSi4zTlcajv+kr6FYG3HpI045dpy/S7Mc4uEqfJt0eWE5eO\nWm0tm+/ZC1eL7rc04qUVXjW+wVz2yLHJ9EWEJ+4KTi7T3FyhMit+Kay05SpL9SXyQzweWNqFOC59\n10ZsWR452uOzavLM41kUVGLaf/BUc2RFs158aaeSEagtmZHsRS2YhsTYRFgMXyFJrYRIVEFmHJ4O\nnwbcGF5skYRq2c41aTM4zi73i7QHpcOixYsVQ3m1+r2Od9RxuOGDyf8Ayx9L+TZj1sFi83e/KMep\n+7rstqFJbI5cXrfW+rMeRAQzbKSZOEnFpx2ZVZKLoo6+hyrJy/UjpQds81jySxzUoOmjt6XVLNHy\nWzXKLo6+GF7vgsnBNKjPgzKSSNUXXPBz1tllEcMnCaJZJJyZXKqtHSOdTyxXJUt/wNPzpdjlGqNI\nSHyqYhlE8M/F+L4FkwtO47oi6aLcU9qlX7sCGKVPxk3Q82K90RljfKfzRLFk/lb/AHIMzVMC/Ljv\ndGfsoYMT5sYASi91vt2R7ADTNKUW36YV6V7lCdNWEZVzv8BKVuwNMms0U2qjHsytew/JtVexKEHJ\nXwl2BABtU6EA6CwDgBhFtUxDA0SyzzQfCS6HHTS8bls3wV6aahO2dG1OKM2qzKfljcGnst0Z82Jw\nk/b3NGbHta2Yr+7BRV0q8vh+40ZOQJTioydbpdkCo26bN5emfqeyRXnwuPqXDfHsUJtU0a8Wbyi2\n6bW3iwIYcqlUMjVJOrDNB35wVUk3RHJh8YKav5su0+VZF4z3lx+UBXCSyR8W6t7jzQj9peK3RCUW\nsspYk3FdlsZecKjV+/sBRgy/al6laapou1MUt2/KUuK4SKckE5eMFbXJLBlUU1JW+n7MCicXCbjJ\nU0RN2fSqpZHJ3vyuTC+SgbIvYYdAKgHYrACLGLoALdPPJ9xQxtq2VBbTtcgapYsc/TittK5S6Mb9\njTDJLJF41JQjW99lORRTXg29t79yCpkoTcJKSdNdiYq2KOk8qnii5S8Ytepvv4RzZ7ttKk2OMvFr\ny3S6DLlc0lVRXCIIBQ7E2AnyJrckJsIKog92PcGBLDXnG3Svn2LtRkySyfaa3+O77/cy37ElmkpR\nk3biq/YNE8OSpvxfo/V8FT2OpjmpRbik4yi7j8+xj1WB48jai1BvayjNQhvYREJluDL4PxkriyoX\nAHTalPHJOL9Sp1/wc7VY1jyOMXa6Zp0ubyi8U5NRfDM2det0q+AKX7iaJuLqyHZFBHskxc8kCvbg\nQ2gAXA0+0FWNKuANeLI5r5XR1tJqHlxSjkkvNO4yfSODCXjv2bMWVxlGcHTTCPOjEBloxrciNFEk\ny7DmlhmpRf7FA4sD0Wm1CyQUov8Ab2NizOSSvY8zp9Q8E7W6fKO1izxeNSjLZjDW3yKp5b2XBQ8r\nl+BJ/wBzcZrRiyeL34NcXHIt9vY56dF2PLTAukmmItT+7HlIqarZgHQ3v+UILKHLLzSp8WVpk5K1\n8kAL8c014srzY/5kQ4L8c7VMDLWwyzLDxdrgq6+QGAAAWMQ+gDol5y8VHpEQAOQXAcjARLgiMAGI\nOwHZq02aqjJmQafZKOrJfc3b2XBnnFwflHtU17j02dSqMzRNeULaSoyrN5KcXCEUoe7MkkrroveR\nQm4p+h8onkxvLDyglte69jURjslCThNSXKIytAijYpRlBzbcnLbx+SjJCWGdPZvfYWKf25qS3NPi\npLz3n5JpIgswThOt6UP5ff8AJmnNRzNw/SypOWOXaZsx4seeMp8XwvYCG016drW7KM2L7dNPknFy\nxSp8Fz/iRcdq9/YBabUtpQl6nwr7KNRh+2lK0/LlezIyg8c3T4fKFG8k1FvdvsoqCrLc2J4sjjIq\n7AQAAC+A6AOAEKxidAIQ7EAMVjEQLYGOg6AhwPqxtIXwAm/YS3QxNhBwQbY7sTCkxDe4UBPBl+1k\nurTTTR0JRg8Moydr5e11tucvsvyK4Q+3L0T28W+GFZ8sPDI42nT5RCjd/sJxUnNpJJtO/YxSi4um\nmgIdCew3YMISbu0asXhmaeTdxe/yjJwShNwkpR5RFbvFSw/bgk6TVvbe7RzmqZ0IfxoJKShFytfD\nKM2OOT1Yk7S3v/IGR8i5JVQmQIfQJoPkBUP4Q+BfIQlZbin4v4IWJgcsLEhmWh0AABJCAOAJRfRd\nhyyxy59PsUEov3KOviyKSTL4yOPgzPHKm9mdLHO+GblZak9uSSe5TF8FiYRpx5GuzSkpxvl0YEzR\ngy0FSap7hwSbUntyKSp17FAKUdrDsadBFfYJ0SlH2IFGiElNUyjLj8Xa4HF0XpqcaZFZaoFuSyQc\nXvwRTAHsAB2EA6AAoBMAWyAYdhyAAHJElwFFAAwhqTi01yalqHkdSdRS3+TJYXsTBbN+b2VIswZX\nD+HJ1Fvn2IYJRckmWZcaryvcBZYebuEaUVuZ3saMeW4fbm9lv+fgWbC164r0gUVuWYczxS7quipg\nijVki8n8TJJKUlsvchim8M6fD5RCLlOS3/cuyw9Ft3Loguy4fuLd069MfgyKbx3CVlmn1DxyqW6e\n34LtZh+4vuxrZb12Bmy5oyioQVR7vlsp3TslGlJeXBpyYvuxXhW3sNWRlyZJZK823RAb53AqIsAe\n4UAmJkqEwE0IG+gvcBNAw5DoCPe4DEAdAAm7RANkXyMTATYmN8EegAT3AOAEAABFr5AdiYV0NHnW\nSMMWRW4tv4aFqsDyw+5VSjG2vde5gU3CSknTTs6WDJHU4XFzcPGPqXXJRyWhGrVY1f3ILxhLhGVq\nuSBd0KrY3yJ9EFmLJ9uXvF8r3NnpniSVRpbtfzL2Of2aNLlUZKM5NRffsBHVYVDK/FPx5/Bne50s\n001KEYuakl+F+DFlxqGSSXCdICqkkMZH5IgE30O9qF8hB7BYVsG3QHKAB3RlsAIYUwFYIIdjEAE0\n7NGnzOEqk9mZbJJ2vksHZjO1aLoys5Om1Di1GXB0YSdcm4zWhMnF07KoslFlRqxZN774Lmrht+bM\nUWacWVJU9wp01s+QZZNKXG8ivjkBp7kZxrdcD4HfvwEV2SjPxlYpKnfQkBopZYmeUXFk4S8XZbOC\nyR2CsoDcXF0xBDDoQwoCg7AA4GuA5ElQAMOgQAMj8DQDsEIYD44JqblUSsItp2uUBbkg4rytM06f\nLGa8ZJuXx2ZptSjHe37UQi3F2iC/VY1CXlFOmZuDoRnHUY6n1zXuY8kHCTVbWBGLcXaNUJ+SXuZC\nUJeLCJ5MdJy4V8FuHOlh8ZSfkuPgUskfB3u2tjMk2m0uALNRX3G0qTDDlcWlJtRseNxm7m91wvch\nli1vVINRLUKHlcXbKGjRpFjllrLw+C7XY4pXBbr24roQYWLsfQioVibGKgFVgMQC7E+AfIcgDEDB\n7AJ/Ah8iATB7Kxsjz+CAFyArATuw6GLoBCYWHYCEx2J8AD4HiyyxzUo/0IioK6LzLHByyTjkco+K\njHdfuc6UWnuiWOahdxu0LJkeWSculRBXQhsOQExMbDoCxZ3UVLfxZo8VnxRhgUpyTcpbGE1afKlj\neNyeNN3KS5fsBRkg4SpkON2a87jlqGCLcIW/Jrd+7MrZERofQf8AIVQQhMb9xf4A5YMAMtgYgAYB\nYgGMQAMdiGBJO/ybNNqHXjJ7mFMkndNbNFlR24S7sti1RzNLqPL0y5RvhI3rK9PcnGVMqiydhWvF\nkp7dluSN00rbMUJNP4NWPJUeSiNbgDdyb6YANbqn2Qapkkx1ezCIE4T8X8EGq2BoKuyQU1a5MzVb\nMvx5K2Y8uPyVoDOh37C4VAgBDCwAOhsQwFwMHQWAhoOKGAnuOtg5AAAAAa5NqxQnp0o8+5iLcOV4\n2/Z7NEDkpafJV/8A2aZwWoUGtl0V54/d8Wnu1t8lMMksckm34p8AV5IuMnFrcibMqWaPk6Trb5Mf\nRRJcpPg1wUaca2f9zDZdiyVs/wCpERnHxy1wr/oSy+Xk4ve99uy2cPOLSW5R5ShJX/LsFR8JRgpc\nKzdpsyzw+1NJVHn33WxVUMuPycmvj2M0k8ct+gJ58PjOTj+i9ig6cXj1eO5bOP6ku9jFqccYT9F+\nPTYFAAACoQ2JlC7EMQCYDEAmRJMVdgITGIAI0SEBHcRIjbsgVA+AYdAITH8iAXYmMRFJ8iobEtwE\n0HQ2KwFyJ7DTFe/ACfwJt0SVUKvYCyWom4xSqNKtlVlQcoK2IlFgxpCfIQCe4XbHwByuAJNETLoA\nAAgGIAGgEOwDgaECAfDGn2iJJMCabT8lyb9Nn81TfqRzU6ZOLcX5I1KjuQlZYmYdPnU18muE0zSL\nouycJe5VFkkwNKdjRVCXRYuCiYCTHYQ2r/JW009yY5Rv8gVluOfRUxhU8uP+ZFFGrHO9mV5cdbrg\ngqAEHZQdj6F2ADSAOAAOxkRgMECEgGhghEAM1aXRTztNqo+5HV6aWnnVenpk1cQxZXH08Xw/Ynkw\n1FxivKSdtoz8mnTZUqjP32ZUZ22l43x0WPB/BWSLtdk9Tj9TlB+Xv8FFuqvYCDQ+KLY4JyXy+F2y\npqnuUX4sjkvHv3JZYKUWopt82ZU6ZqxZbVdkRRjm8c0+a6NGSMckPJbbbFOdRVVzW5HFkcbXTVBU\nccnimn7Pg6E4R1ePzi2lfHt8lGbGpY7q5UirTZ3hyJvjtAUyi4tpkDqarHDPB5o+mPj6Uc2SrkCI\nnuH4AoQhsXICFYxcAAhiIExDEUJiH1uJ+wCsT4HwKwAiS4FyQRDgb24EAmL4GJ2FCoXAAyBMS2HS\nE+Ahb8Ax9C5QUugdtDSDnoiED4JNCe4Cf9hdDoTYCEwbYPgI5wmh2Bh0QCxtCKAAAIBiGAWAlyMA\nGIAHRKLaIjAshN45JxOngzLJG0clMsxZHjla4NSpjuQkTTMeHKpq0zTF2aRcmWxl0UJk0wNA18lU\nJdMsKiQ/wRXBJADXkr7K+ywUo3ugqKdP5LoS8lTKBxdOwHkxuO/RWaotTjTKMkPF/BBAAAoBoAYA\nOhICBguBF2LDLNJRgrC4rSbdJXZ09H9Oup5ePY06XRQwLylvI1o53r/jUiNxxqor9kRzYo6nF4y2\nf+AS8W0+Xwxtu00tzGq4GowywZHCSKl8HoNbpVqMftNcM4WTG8c3GS3R1l1ixdjyymlBUnTTb7Kf\ntyUPPpMinRrxyjnhJNVUTSDTahPJ6v1PZMp1Ud1JRpPb+hDJCWOVrrtF2LKpQdrylfFdAZOBptcE\n8uPwa+VZWBZCHk7b2DNCncVtRGEnFmmLjJe6AqwZnF+PNvsebC27jTk3ukV58f25vx4H/uKj6I1J\nqnJv/AE9LnWNuORXBqier07kvuxdrlbddGKzbotUo3DI3XV7gYRdG3VaaMcmRp7r1V8GJlEQGJgJ\n7MLBiIB8CGRsAEMTAXfwJjBlEOwH2L5AQdgBAhPZD4YuQpUDHwiNgD5EMSIhUA3sxBS5AaDgIKF8\nErI/JAnuAMT9ggbEN7CoBA0Omx+NK3/QK5fAMB0YbL8kWiTDoCADaEADEBUMBWSVMKQEvFD8UER3\nAkkrBxVAIkmRAC/DleOS9jqYsilVM40X7l+nzfbnT4NSo7MZdE1yZsWRPdMuU7NItT9i6Er2M6om\nnW6A0j5K4OyZQ0hrmxIaYEZx7RGy1EJRp2uACMqdl+2SJnJxl4sCucHGRE1yiskTM4uLpkCYAF7A\nMOgScnSOlpPp9pSyr9iW4rPpdHPPK3tH3OvixY9NCoqvknGKjGopKiuMXKT8+ujl1dbkDlOfGyLc\nc+nyRUt0kqQpRala4MtYucfJbifoV1fyKE/L8om90VkoSbW6pmT6ho1mj5wXrS/qXyTjNvlFkZWl\ndXRqeI8xKLi6fKJQm4StOmdT6jovK82Nb9pHJezpnSXWWr/5kq9OJPczpyxZPKNqnsPFN45L22te\n5oyNZoJWlFfzy/wVChkhVqHlKV+V9GXNDwyOPJOMpYp7PZpr8ov+1HLCoJN7brn9wMZPHPwZCScW\n0+URA1yqSbk/SZZKpNJj83410ChatugIBw77ATA6OkyLOvDJTnezl7GXV6Z6eW+6fDKoScJJp007\nOrPJj1eNwjTlXHfAHGEy3Nilim4yVMqSoBMQwf5AiwbDoW9FCExgAmxMYmAlvuL4GL8kAxcB0GzQ\nC5EkrsYgBsiSZGwoFY2yLIh8g0CWxIBJUhWNv+hF0ECExtojuAMBjq3sQRewRg+eibSire79iDk2\nvgAlJJVHn3I2+XyLsL3IObuA2hGXQWHIVuDCAi1TJIH8gQAbEUAxAA7Y/KiJKrAaZJLtkUqHfQUS\nrlEeSfD+BSXsER7JpkQsDXp87xvxfDOljkn+5xE7/Y16bO01CTNSpXWT2JplEJWiyLNIuTrgtUrR\nRFk4ugLyRXFp7k0A0MQFRGUa/Ai3nZkJRoKcJuLLJxU47clDLMeSnRBS006ZPFhnll4wVmyGkedp\n8L3OjhwwwxqCM3rGpFWl0UcKTlvI1rYRDNGUsbUXu00c7dVZaqyvy8ns6l7EcEl4qO9/JKScXa42\nCnvKHG4WoLd230J3LeHJLHjrd7szi6WGDUvJ/wBC8QWVKJJSVPgplGUG3dJdl4mlJb8FQRkpJqv6\nnI+o6JwbyQXp/wAHVS8W1BX27ZJpTg1JbNFlwry5OOSqTVpdGnXaN6edx3g/7GNs6awvyxbUpz9L\nr0xIYM8sTdPnkSn2931ZCUvKTfuUassFk9MK2V+XujHKO5fgybqEn6G7JZsD8VKKqlbVgZbD9xvk\niUTxKMpNSdEHsyeGahkUmk66NGqxXc/5r4XFfAGIniySxTU4OmiJEg6WZwz6fzjUslXL3RzWi7S5\n5YZ7Ok9ntexuzYcctO3hSdq/3A5RF7kmmm76I0yhCfI6FaAQMG6ABMiyT5FRAhDFsAhXY7IlDsi+\nR9iIBsQ6D4Co/IMfYluRDD8hQBCfAnYwIEFbklG+B+mK92UR8e7pBKdbR2FJ27fZHkiovcfwFf1B\n/wBwhUJ0MRFc/kTWwovclZltECTIgAAMBNEOCzYTVgQAGgKgBACAnF+45bvYgSTCpJ2qEnTph3aG\n1f5AJK90R6HF77jlHfbgIXBJO+OSA02ijfptRxGRvjNHDT77N+m1HkvGT3NSpXSiySZQpbbFqZUX\nRlVFylZmvgshKn8FFyZJbkU+xp/1IJIb3VMjZLHCWR0kBX4vyqrN+l0W6lk49i/Bpo493Tl7mlcm\nL01IElFUlSJIQGFMfYrvgQFeeCUXLekrpc2TxzU4pPnv4JplM4LHJz3/ACv+QJNvF+Gy2L8o2iEZ\nLJHj+o8cHG7dgWDEADGIABrtckITp+Lu72LCGSDe69n/AOoB5ccc2NxmrTPP6rTS0+RxfHTO/jmn\n6W90R1OCOoxOMlv0zUuJXmxNblubFLDNxmt0VHRkGrTZrj9uStuqbZlYra4A06zGrc4ra9zK0bcO\nZZko5Ol/6zNnxOEm69LboCo16PUKL+3k3T/TfRjYdlGvV6ZwX3I7pveujGzbh1LcPtuPk9+TNnxq\nDSTuVer4ZBUatFqnhl4OvCT3tcGQANeo0z81GCtP+a9nuYntZv0moUo/7fK/QyOs0n2YqUU2u2Bi\n6I7EiLfwUDREnyQ9wBi+BiZAnYmOrIlBQmMT3IEIbsQBuIdCALHQUxX/AEIgbAGSjHyAhuTUKVy2\n+AtR43+SMnb3Abn1HZIhzuHYVuQJiew2vYTAX5B8iYLYAE9xiIOWmTT6KxpmXRatyNbgmSAgMGmA\nC72G1sFAAmtiFFnAmtrQERAMoQ1sIYE0x9ladcE47gNpuVjXp54YcKyF2RA6vbgBJj4KGttyxPe1\nyVEk6ZR0tLn8tnybIys4sJOMvKJ0dPnU0t9zUqWNsWTTKYssT22Ki6Eq5LU9yiLNOk8JZaycBV2n\n08srt7ROlixxxqooI7KlwSTOVutRIdkR3uQSsVsQATYmCGAJEmk1T4AVgNJLZEiJRqdRLEvTFW6p\ny4A0jK8WSOSOzTrmiwBgIdhTAhGalKS/6diYRCcPmlzYQyeUqS23RMqmpqXlH9K6QFet0i1GO1tN\ncM8/OLhJxkqa5R6mMlJGD6lovvR+5jXrXK9zXNSxxBMbXi6EzogUnGSa2a7NyX38cXJquK/8GBks\nc3Bpp8BBmxyxSqSr2+Sto2SljyQ9bbm16fj4MuSDxy8ZcrlAQJvJFRpRttU2yAgEIbYgD5Ohp86z\n4nhyNJRSr59znv4BOgJ58ahkko7xXZVRfLNLJ6VtjXESOTE4cpr8gUsX5H2RfIAJgJgDF0MXFgIj\nZKvYTaAViZKxVuAtxrgOBvcgVipt0SUb52Q/JL9K/cIVKPP9CMpt/gJO2IAE9w5BkUfnsGxN2JsI\nBDEwDkTfQdi5AKsAYyK475GSqyLVMy2kmSiytMlfsBYRfIJjYEexhQMAYIQ0BFoiTYmvYBADEUMa\ndCAIsiyMo0JPcsW6IqEY2TVcMGqQcx25Ahw6CiaSa+RNVZUEW0WQk4SUkypEov3KOrgzKcbTNSlR\nxMeR45Jp7HTw5lOKdmpUa4ssi6KYvsmmB19Fq/Ksc3vWz9zd2eejJxdrk6ul1X3F4y/UjFiyttgv\ncSdgZVNMaRFEkA1yNCEBITBDAIzT4dhOKmqasp/+OWy5Loy8laewFGNvT+MX+lJ8Lj2NUZKStbpl\neWHmtv1LgqxZJY2oSVNr9v8A34A1kJwU6bvb5JWAGSEoYfGM1Pym+ejVjn5pvhXS+SOaH3MbiUwb\nlljGT8fBJ+KfAGwGrTXuQjNTunw6JAV1JT2/9RanYuUyG9+K2A531PRc5sa/KRyeD1WztPc4v1HR\nPDJ5Ma9DfHsb5qWOc+QYWFm2Tx5ZY78a3+AjGWRtrf5ZA0YdR9uHjSvyTv2AzyTToi9zbqIRyyvE\nvUk3L2MTQC7ABMBPYBsXLCnGTi0/Y2Jxywf/AFU92YWTx5HBgLNjcHuio6UqzY3wu0jBkh4y3CK7\n3Cg4YgAQxP3CkJ8jEEJ0H4HyxqNJt7ICKTf5J+mPO7IuW1R2RBsgnKTZGV9CsLsIGrBoQBR0JhfQ\nm0QNisTewr3Al0JpcgACBgNxb3IBKySihpUhbvgi44/YMYiNINUwJNWxcASTJIrT3JJ2BNiGmNog\niAMOig7AA5Ai49kS3og0BEYhlQDTEAVaqezFw6IxfRPZ7EBJcNfuP9a+QTp7iqmERkqAsfqXyVFF\nkX7luPK8UrXDM/5JQd7Mo7OHKpLYvgzj4MrxSSb9J0sU1JXZrUa0yeObi01s0UxlsTiwO1pM6zR/\n7kakcHFkljkpRdHX0+dZoWue0YsxY0DRGxmVSsCvz9VV+5MCvykp2y5MhKNkISalbv8AAF0lapla\nvHslsv7lidqxTj5J/wBgJp2RniU6b6FjXit3dk0wHFeKS9iREYUyrJiUnapc3tuywYGRvInJJfba\n9cV7+9muE/OKfFpOvYjkUmvTV/JnxxyR8HT80/Gd9r3CNgpx8lzT6CxgVqSjfPkTlFZIOMls1uh0\nk77YvPekr937AcDXaR6bI6VwfDMZ6jPhjnxOE+H/AGPParTS0+Vxa26fudObrNjP2CAKNIuwZWk8\nd1btP5JZ8cXi8ox3i0n/AEMy5NWPNHI6mljilt4/3AxvYRdqMPhco7wukylutgAT5BisAIjYPgKt\nw5PGSLdQ4SjSRjvcvwKM8njNvdbV2EUNdEWjbrMCivKCSUUk0v8AkxXQA9+CIxcsA+AUWyXio7t/\nsKUm17IAbjFend+5Btvl2DERSewh2LkBWF0HwAB0JsHwRTqwHf8AUTB7uxNgNtisFuhEDuv3GtyJ\nKFcASivcnaQvgVdsyp8kuEJUDaSIrjMNgDoAItEgArewJkmrI0EWJkovYqTJphU2RGnYNXwAkmDA\nEAWAB0BFoiWEGuwAAAoOCcZIrJWQW1aQpPYgpNBdgPytB0RGVDGtuCK3GgJxdo06fO8cvGXBk4Jr\n1KuyjtY5p8F0XscnS5/FqMjpQlaNRGhMuw5nhmmmZk/cmmB3cOeOWNp71x7FyOHgzPFNPlex2MWR\nZIKSfK3OdmNHkTq49DhkVK9myRVNOKtcIiryE49oMc/KN9rYmEKKpFiIDQDGkAASI5HJR9CuXQ7I\nqXvtvSCo48nq8JP1c7lyMmTGoecuU90m+/yX4Z+cFza5tAWkMs3CDklb4X5JCnBZIOMuGBCc543j\nbpqTSl8X7fuXGbLJwmoSkoxq/J/4LMGXzgvKrd18r3CLiElUKjtTXBIYEIyTk6lfVFer0sdTicWv\nUuGSlDx3jad3sSxz8o/K2f5A8xmxSxZHCSporPRa/RrUY24r+IlseflFxk4tU0dJdZxFoVuwF+TS\nNuCcdQpRyUm0o7d/JlzYZYpU1s+GRjJxla6NynHPFNrypfp+QOc+QexPNBwm013tZWAER3uIBMFt\nve6Cg6CujhzLJhUcrTrruVdGLUYXjk2rcG/S32VxbUrXKZ0oZIZ8fjLmPqkvcI5fi+9l7g5U/Siz\nUeSyO00m9k10UtgJisbIgDB8gIihiDsGEITBg/cKXIPYQBC+ADvZByFL4EMVbAAJ7hdCILk0Hmil\n7disirnkX7kbt7srsL5IawPYXIxEUxUMOABbEWrJUAFfA0xyXZECxPcmmUplikA6ESXAUBEEHYcg\nFBQBQEZKhWT5ItUArBC7GVDAQwoGIAhgAAMknXZHgOgLb8q90bNLqP5ZPdGBOnZNO91yijtwkWp2\nc7S6jy2l+o2xkaRenZp0uoeKav8AT2Y1L2JxYHoITU4pxdpkuUcnRaj7cvGX6WdVNNbHOzGkkktk\nSshZIimMihkErAqy+W1cEsc/L9gEpvyae+/9AyJ7ST2TtDnC911/cWK2qr0lRKLU14y3a34K0pQn\nKm5SdfguikiSIpodiGApwUluk31aswZ5ww5ccE35+Sbftx0aNZqVp8TlzJ8fk5GnlLNKeWcryJ2j\nUiO3p8zzJtx8fZPkuMcaWRuPk5QVt3zfRox5FkhGXHkrogsfDopcHDdbu7r3LhckCxz8lZz/AKno\nlki82Netcr3NTvFL0q2+vcvW63LLg8m1W3Ajq/VdDT+9iW3aRyWdZdZpUSxZHjkmiIio2zhHPXqu\ncopp/wDBhmqdMtw5Hjk+Kap2XZsXkn4eprdy6aoKx0IbT4Dxb4AiNLa3wSdRXuyDbb3AJOlSDHN4\n5qSZF3QgN0njyYfKXDtR3txZhnFxe6pk8OX7UrcVJdpl04Ry44rybzNJr/wEZGJ8EmnF7kWFIQ7s\nTZAuhXY2yL5ALsABgR6FdDF0EF9iuwfABQ0JMOhfJAyNgt2ABewbCYgG3v8AAPYjuG1EGMQAZaAc\njAADkBWAMTW2xKgroIrJJhJexEKtTJrdFKe5ZHkAargSJsi0QHYdiewIoOGAMAItCJ1ZF7BCGICq\nLGIYQDQkNMBjTEgsKY4tx3IjCLYtpqUeUdDTajzXs0cxOiyMnF+UWWDtQkWp9mHBmWRLfc1RkaRc\nmb9Fqqfhke3T9jnRZNSJZo9AvgZz9FqvJLHN7rg3pnOzGkhkbHZA9mVuLi1X7FiY0A1dKxkRhTH0\nIEwJWMiFgLLijmg4zVpo5+D6T9qbbyfijpWMuoqlhXg/FLycfG32CjDClKbtrhvr4LSvLhhkT8ld\nqgHizLI5RcXGUeU/8lpiWSGKanLI8m3jft7s2XYD2f7FMpOORJtt1fivyWilHyremndkDdSVPdM4\nP1LQ/Yl5416H/Y7eLaNU6seSMM2Nxkk4tUalwseUEatbpJaXI1u4vhmSzprIZdp8i8owl+nytP2K\nkr/CF5Jfp59yjRmxxnNPGm/JW18maUmtuEX4s11B0kt0nw2LUwXjGSj4yW0v+CIzN2xdjZFooHuJ\n8jE0FK2W4c32047JviX/AEv3KmJgatThXj6E3KO8m+/kxvk2YtR5xjiShHtybMzxyac0tl2QVt7i\nJNbkW6QA0Id7CCExPkHfsCaAVCGJ8BSbAJIT3AOBMe37iIFwABewCE2OyOyAOAC/YW4GQQwZhokP\noAAExbMfYcAHAhsQD6ItbElsAFZKLBoiBanvuTRVF+5OL3AGthVRPlEaYBsIB8gAmrAYEGIm1ZEB\nAFgVDQBwADQCGAWMQ0AyUZNP4I9jQF0ZPG1KLOlgzKcbOSpUqZbjySxT8l+kso7UWWIx4syyRtM0\nKWxpF0XT2Opo9UsqUZfqX9zkRexOMnFpp00SzR6Cx2ZdLqFmhvtJcmlM5tJWFkbGiKkMiMCQCGA7\nGRHYDGRsYDGQclHlpfkkBmyaXuCTTd+Le13u7JYck1lcJS84Vfn83wXmPPhyLK8kKUUuLpP3X/2V\nG2xmfTyl4xjTcYqnJ82i8gJW1sVKSi4RXFbr29i0ryY1Lrlp7OuwpajDDUYnGW6fDPO6jTvTZXGa\n/HyekUlGMU3b2WxTrdLHU4mv51wzUuJY81KVohRblxyxTcJqmis6Ml+DXhyxnBrJ6t02v7bGQIyc\nZJrlFRPNiePxfUik3QyRzY5Kaubt7cJ9GTLilim4yXDAgRsYiKGR5ZJkWAfg0YsilFRlytvhmZ8h\nbT2FWJ5o+qUo/pvYq4Rrh4ZYuc3W3C6Zny43jUXLby49yQqvoVVY7EVCv2FW1j+RALsAoXAUMi9i\nTZGyIYvcBWArExvYLAKsToAYUthPgGLcDKAkMwoTBuw/AAIEHAAMEAAFgDAA2ISVE3sKrAgicWRa\noSYF0WSbsqTJp7gDQidCexBFDFYFD6EwGBWMbiRewQAAygsYg5AaGK9wAdhYqHYDROMunwQsYGjD\nleKf/adLHNSVpnHi7VM0afO8UvFv0ssqOvFk7M8JprYtTs0i/FlljkpRe52NPmWaHkufY4SZfgzS\nxTTj30Zs1Y7iHZVhyrLFSTLEc20hkUx2BKx2RQwHYyN7jAkFkJNpbKxQnezYFefFtKcXculLdFuG\nalCuGumyTSap7mZw+w6g3bltf/8AygNYNKSqStEMc/OKbTi/ZkwKc+TxccatOfdcIm8ygrmnG3S7\nJPdVwZ/szlHHDJkdRjUq/mA1WMqeWEZqLaTfCJ2BFwqSpbWLHLauvd/kmQaSacmqXAGX6loVqIec\nF/EX9zz804tpqmesi207VbnL+q6D7iebGvUv1Jdm+azY4jAbVMibRLHkljmpRe6NGbJGWGlctk23\nymZSUJuNq34P9SXYFdOrFvwbZRxzxpJpfj3Mk4uEmnyUQ/ImD5AIQuR2J+4E4ZHjbpJ3tuiE5ym7\nk7fyKxEUWRGIBWIaBvYAsToGRAbXRHofYn7gJ7gwYrAAtB1uRIAEC+BbACEF1+BXYVmG4SjFNrZk\n/F4slTXBbkcHjdu30c1ZnwAhlCGAbAAAwAS5H3Yh/AByAAwB7kGqJiaAiiUWRaoEwLk/cdWVxkWR\nluBFqgSJPci0AhgIB2KUbGgXIFYyUo9ohQDD8iHZQDEAQ0CBAA0NMQASslFpquyA0Br02d42oz46\nZ0YztJo41+S+TVpdQ16JPjgsqOomSTKoSTRNPY0NWn1EsM7/AJe0dfHNZIqUXszgWa9HqXikk/0v\nkz1FldixpkIyUkmt0SRzVIBAFSHZEUpVwBMjtBOVBCV7drklyAQmpK0qQ2k/yUuPjJtXb4+C2N+K\nvmtwKseOUW4wtLytt+3OxoEJulb2QEivPCU8bUJOMumiUJxyK4tNJ1sSAzQxSyxi8kpJppuL+C/7\nsPufb8l5+xXqFkcLxP1Rd17/AAKOG5xnKTdbpVQGiwpWILCHYnuABXE+qfT/ALcnmxL0PlLo5R6+\nSUlTV2ee+o6J6eflH/4337HTms2MHYMANInjyOGzbUW+iycfPHFTXi+m+zO90Thk2qSt9W+AKpKn\nRGtjVmTyJzklCS6Mt9FQdCDrkW6QB2LgfAiKVbiZJ8kWAmthcbDYuwDoj2P3EAmHI7sRAt+2L4G3\n0IBdh38DVCoBNXxsJ/A/dC4YCfAqHwFUFRz1GCjN3kXZmsHJt7glT3OamkAmxWUMKCwAaYmMOQES\nF8DAQD5EAAIfQCe6ItUTBq0BAnFkGqBOgL07CtitMsTv8EEWqBEmmyLAAEkMoBSXYwAgLslKNCfA\nQB+BD6KAABbgMAAB2MSGA1aJrf8AJBPcLoDfpc7fpk9zfCWxxU7qSdNG7TajzXi/1I1KjensSTop\niyaZUdDRarwahJ+l8fB1E73PPJnQ0Wrp/byPbpmOo1K6dhZFMZhpKwavZivYYFUrg7f7F8XaVkaT\n53G2lywh2F0QWRSfwSAlZHJHzi0nTrYd0Cd8cBVWKSxY0nFRVv8AcvuynNjWRX2k6/p0RxZPDxxz\ndvhP3A0DEADAQAMLEADK8uOObG4TVpk7AI8xrdLPS5Wn+l8MzWeq1WnhqMThJfh+x5rUaeWnyuEl\nudJdSqWIfAM0i2GRyj4red3v2Gox1K69T5S6KU6la5RfDJKTbVWl6r7AzNC6ZblhTtbrvbgpfACd\nML2D8BygFdCsGv6i/IC4FySuxNgJ/AkNug43ZBGhUNsH8BSYrtD5EAhA2DrgAEN2KyAI30O63E9w\nMy9xdkuCDe5lQ2CRPFilkkklZqnCEGsbj/8A7EGMF7FmXE8baa/D9yvgoYCQwFwMAsAChDABWNio\nB8ADrsACrRCqLCLjaAinRZGRW1QIDQnsJx7K4stTvYCHDBkpK0R4IBcADAoCLiSvYOVuBX+AG1Qi\nhgAgiQdCBAMdkeyQD/AWIAJRlTLPKmpQ2aKiUXW6A6Wm1CyR+UaovY40ZOL8onR0+ZZIo1KjZFkl\ntv2VRaolewHW0Wr80oZH6umbkeejKmmtmdbSalZYqMn60Y6iytiGRsL/AKGWkrKnvkqfHRMGrVFR\nJxTVEYT5i+UQUpfp4aIx39N+roIvkvJckccnGXi+HwEJXs9mglBSe/8AQKtspzYuZRVv26b6ZYNM\nilicnBOezrgmIAGAgAY7IhYDCxAAzLr9ItTidJfcXDNQhqPJZccsU3GSppkGeg+p6BaiP3IL+Iuv\nc8+14t3ydZdZpf4EnumD9wZUbMco5INyd2t17GTIlGbUXcR+S8KqnezJRxRlTvvoKooXBZlxuEqk\nVsBBsw5X5EAMjySI9gJi/wAAwAKEAkyAFyMTaAVULsl2RewU7E6AX+CAvYXIxK6KM1bEWhptA0YV\nbp8zxPbjs3fdTV2vBLns5fDGpOqt0TBdn1Esza/l6RSgsAJRi5OkrE006ZPFPx24snqJxnXi7/ag\nqngAAqEP8C45GAAw5CgAK3AACgGL/ICkrRFk2JoBJ7FkZFQ4sC9O0KSIwkWLcgraETkt9uCJQIKB\nAA3TK5KiYcgVjBqmLcIaDgAKoGIAhgHwADGKwsCcZeL+GWQm8cvKPBSShLb4A6uLMpxtM0J7HHxZ\nHilfMTpYsilFNPZmpUaEycJyhJSi6aZTFk09gO3pdRHND/uXKNHKOBiyyxyUovdHX02pWZezXRiz\nGpWhulZHHJtb8kuSqUKmpRey6ILZRUl8ldOUttpJlkJNxtqhTjdNbNANxdJr9SHGal8EHlpVTv2H\nCL8nJ7fARbYfkSYWRUgI38jsKYCABgFisBgKxgNAyNjsA6OT9W0HknmxLdfqSOsJpNUWXErx9CZ1\nfqugeJvNiXofK9jlM6S6yGTw5ftyTe6fJWD4KNeRRywq7dWm+jHJVsWYcjivG6T+LLMkPuQVVfTv\nkDKHQNU6YmwEw9hXuJsAYr6GKqIF7Ce3A3yKwBiewdh8hSFvYA2AVxZFkr9xALlD9gZKMHLggxBY\nchwZUPcXA7BqwDZjRHgd9gHYdhvY+EAroLsXIwHQAnuADsTAOQAAGuQFQB2AADGLYBNWiPBMUkAk\n6LIyKhxdAaNmRcdxKW5MghwIk0RAYmAIoGrXyRXs+SQmu+wIsBrfYT5AA6AAGAugKhjALAEwEiXY\nEoy6fBfhyvFKn+lmZvYlGXTA7EJppNbplqOVgzPHLxk/T7nRhO97Nai/xlFbotwZZYsikv3Ko5v4\nU4tvfgUU3wFd/Dljlj5Rf7FhxNNqJYJ312jsY8inFSi7TOdmKsQIQWQFJO63GhJjKHdBZS7jK221\n7FkZKStPYKhP0S8t6Jwl5K+H7De6/JVvCXw/7hF6YEUOyKY7IgBIBcisB2AhgOwFYWASipxcZJNP\no859R0T02S4745Pb4PRlebDDPjcJq0yy4ljyXAnyadbpZ6XK4tem9n7mXs6MjsvxTi68rtcMo7sF\nKnae5RdqUnUtlJ9Ga+fcs+4kuLb5srfJAcKiLHL3I02/gobEwe6AgjIKB+7BAK7sTJbUDh6U62Co\nchW69hgotukgLdRhSip494P+xUoOXCNWJShBxm7i+h0kqX9CQUxwrmX9C3ZP2QUyLainb2Ky5S2B\nCDsw2d7kiPCBMB0KnY0w6AXAm7CQLYCUccnG6dcBXR08OXG9PGCVMy6nFHmFKud+yarKh30DHGEp\nK0VCQB2LsBgLgOAH0AhgA62EwQAuQsA/IEWuxFj3INAEZUy1SKCcX7gXvci0EX7EuSCuqGDQrAQ2\nw/AFCku0JK/ySDxAg1QDd2RsBh0IColewciQASCwEA1wNMV7ByBZF2qZp02fwfhIx3uTUvJLpgdi\nEltvsdXTQg4eSo87ps2/hPno6OHUSx/pexOpqy416zFGL84vnlD0eqeKXjLeL/sUY1PPOm3+Qy43\nik10WTzCu9Cfkk09mM5Oj1f234Sfp/wdSMk1yZswO9xpiaIp0wJyjaplf6JtVtyWWDSCmN7CYkRE\nrC6EADsZHgdhQMVgAwsQAMLEAEhWIYFGr00NVicZLfp+x5jU4J6fI4TW6/uetMmv0a1OJ0qmuGal\nxLHl3xQVSJ5Mcsc3GSprYgv7m2QyLdok9mIojyF2hiAT2DoAbsgTI8khJWFXRxRnhuD9ceV8DwSU\nl9qfD4fsx4YShLy4LJePk2o027JhqlYPF+p7WTUVHhfuT/IVsVEQe3Zny6uOO1HdoxZdRPLy6XsN\nGrLq4wtQ3ZjyZp5OXt7EKbDYzq4L3HwFCbIofJZih5Pd0uWyuticZVddoBy8d1FfuQCwsAasV7jT\nE0BdhzPG6VUxZpXkk09m2VJ0NogfRbjl5JQWy5KSSdOyi7NCLTnHrYoJTyOS32XwRvYAAFuC4AAY\nAADECIB8DrYQFDAXA/wBCSIplrISjQDjItiyglGVAaGrK2qJKVjaTIKw6HVNircoOx3uLgFyANWy\nFUywTVr5AgCQqGAAJDKhgJDIAYmMoBrYiMCxS8vho26bUX6ZcnOTrctTv1LZoDt6fP8AalaNmoz4\n8uLj1HG0+dTVPaSNUKk6bqyiaZ0NDq6qE3+GZnpnVqRU14Sp8oX1HoU7E0YNFqvJKE36lw/c3p2Y\nvjQsf5DgLIHdByIUrUXXIUwlfi65K1P1eLe5YuCorg1F1uWplcop2+yOOblJpu10BeFkUxkUwsTA\nBgIAGFisLAkIEHyBzvqmhWeDyQXriv6nn5RcXT5PYHH+raC/42Jf/kkalZscV2+RPYb9mJm0JOxP\nYtnilBJtbNFXIAJq+CzHilIujjjHndgUwxOT+C6OOMOFbJVtsOiiNXyPkrzZ4Yl6nv7GDPrZ5LUf\nTEDZm1UMV72/ZHPzaqeV81H2RS7u32NGLVwqsKHYEUWAUACbtglQLkYAAByAdAjZL7WnjGLxqcmr\ndlWpxxi1KH6ZK0QUcggDsoJISdbDsGgAOxJ0PnfoAE2DYIARJCBASF2F7ByAMA6HVAIOQDsAQ7Cw\nIEDGJooi1W4iyl2VyVATjItT2M6ZOEgLWiLRJOxtbEFbD8Da3EAIYueAKFJWR4LCEo0AkAhgAAHY\nAhiCyoYAHdhTGnTtCAC1NpqUXujdgzLJHd7+xzoutyyMnH1Q/cI7cdRPw8FwuyUMTl6m93wvcw4M\nynHy7NuLO4qMWk4lQt45NtmjraLVLLHxk/Uv7nJyzjKbcFSsWPJLHNSi6aFmj0QN0n8GXSapZ1XE\nktzVyjm0jGTb3aZIrlHe1t2EZ+TprgKcoXutmEJ+TaqqJMhGKUrAs5RGMFF7DsYANP3I2AErCyKZ\nK9gAAEmAwEMAsdkXsOwBypXQ9pKumJDSSVIDgfVfp7xTeXEvQ+l0YsenlJ3LZHrJQU4uMlaZxNdp\n54Jtr9D4Zvms2K4OEYOEt/YxvFCMr5J238DS9zUiaSftwFWxTnHGrk6Rgz/UG7jiVfJfiNuTNDEv\nU0YM+vlO1DZe/ZklKU5XJttiSM2tYG3J3J2wY6F2ZUdBwgB8gKxgDAAB9BW4AAlyNgBbhhCduUvE\nqAK3yzadRSlc2ls2jJlzfdldUkqS9isEQFAAioOySEuLFYDpNjeyFdvcb3AhyzfodJHPjk5PfhGE\n1aLULBl8pN+L5olINTpZaerapmbg2avUwzJvl8L4MYhQuBlmHxVynwuF7hlxtV71bXsBXYWAIod9\nCBhQAMSCgAAD8gFh0AwK5KgTJte5BqmBOMtkWxdqjOi2DAnJEaonygaIK/kOA4AofQWqEAEZL2Il\nhFoCNDAQDALBFQDEAUwExhDHGVfgQAXQm4NSjx7G/Dk+4k0zmQl4unwW48jxStbpiDrY0ptJujTl\n068E4bv4OfjyqatG/BqqxeMtmuHRUV4sksU1KLpo7Gm1Mc8dtmuUcbNOMslx4JafNLDkUlx2SzVj\nvPdEI46n5Nv8CxZo5YKUSww0OwaFYWA0wsXBGU62S3YFl7WQnJpr27Y4y9gatPtAEZJ8dEr2M1yx\nvjZvgvQErHYtqBAAxAAwAOQhpjI8E0FMhkwxzQcZq0yU5xxQcsklGK7bOFrf9RRh6dOratO/7CCn\nW4f9nNqbqPT9zmZvqH8uNfuZ9XrM2syeeafk6r4Mx01jEp5J5Hcm2RQDZloqGH+RWA+UCAV0AcAM\nAECHXYuwBhyD3AAa9hIaB7hQhBdIAABi4CGkJ7hyJsAbJJCSJxn4p7J/kB5IqPjXNbkLsHJydt2A\nBISewxNUAwEn0xgNOnaLJZfRS5f6mVUHOwDQdCbEmwJdD6FYcACAAAfArGxAADEALcGr5AAIVTGm\nSaINUBbGRbdqjMnRZGV9kE5L2IblsWmRkvYohQBQAHIcoOQAi1QifJBxoITAYgphYCKhhYAAwALA\ne5KL6ZBB2BpxZHhku4s345+Ub9zlxlapl2HK8UqfDGjq/bah5PvoMMVJ03SRLDnU0na8vnsjKDhU\nkVGrFlemy3G3jfJ1MeRZI+UXszjQyqUKbSXarkswZ3p59/bfRLFlddkZSUdu3wKE1OKa4Y5q1Rhp\nJPYi1dplMZuEt/02X3YFKm8cqapMvT/oJpOm1Y+gCtx2JAkA1yTIcDvYBgCC6VgNewcckVNb26Rh\n1v1nT6WNJ/cndNLoI3+cUrk0l8nM1v13Bprji/iTTadcI4Gt+q59U2nLxi9vFGBcGsGzWfUdRrJN\n5Zun/KtkY92DBhCYBYbchS7GIAGAvyAAHIUAAHQUMBDBKy2Pgo/pbkTVkVU/Yl4NbliltwElKT4J\nrWKB80RYqNMJMQ0Kgp1sIFdD4QQm6oXyHJJgLoYrGk5NJcgFAanp8eOC+7Nqb6XRVnxfakqdxatM\niqhiGyiLVAmSqxNewQPZBVAl7ik7AXLJIu02lnnvx6I5MOTH+uLX5Ar7GIAHVgC3sGAxAFgAxcg+\nwAGO9hAANWAAQew0xtWQ4AvjJMsMylRdGVogco77EGWCcQKxg0Ioa5CrALAg1TBE9mqZB7OgALEA\nD/ABYioYAgAEMQ0FBOL8tmQGQatPneKXi3VcM62LIsmP9ScmuzhRfkq7NOlzuElGXK4LEdFqWOpI\n2Ka1GPe24rhdsphljlx+PdFUvPBK43XTKNemzy081jy7RfHwdJP52POuUm7u2dDQ6uv4eR/hszYs\ndKUU+VfsPjgSdjoypr2ABppgMEJEkAmiSQRRm1uuw6OD85rz6iuQNWy7MWu+p6bSpqUlKfcVyjze\nq+rZs0peMnG7TrtGCcpSdt237msRu1v1bNqG0peEGqaXZz22+w7DoqABXsPYgHyILAKPyFCe4wEw\nDoAB8gAACdgCVs0LHGl7ktWRVjg5SrovnjxwivFtslVcKkKME3u9jOt4io90RbXSLZNcRIUl8kAp\n1/KhrLJcRRXb6H5SfuFZktyXYVQM6OQbAFwAUITGthPdBAlsAk+hoA6NOjSTnPmUYtpGYnjyPHJS\niBZjxzz5Ld1e7fQ9TOMpqMf0wVIU9TOcaVRT58VRQRR2NCDkqJBQtkheW4EiP5JJikBs+nZniyqN\n1GXJq1laiXinsu/c5MZfJrwZ4wxPye/tW/8AUzYqjNj+3PxvpEsUI+PlPfpJdkMk3km5Plixz8JK\nS5RRLJjcHxsQL55IrG47tve2ygAAGNlQCH2CAOGIG9gTAAQMAAUlY2FAV0SjKhtEeGBfGVk3uZ4y\nrktjK1ZA2iBYlfJGS9gIIPwHANVyUDdEGwbBgIdgIqGMQEUDEMA7AAKgsYuAIqSe/JJO/wAkENOu\nAjdpNS4y9T9SNc80snPBybtXw0asGXzST5RYNuLFLJJKKb+SzLgngScv7E9Fm+0mpcSNmTJj+2/u\ncNcALQavzX25v1dHQs85dTuO1cHW0Wq+6lGb9a/uSxZW1bhsuySXsU5skMEXPNJJLfkyrRFeSKdT\nq8Oki5ZZpfHZxNZ9fcXKGlWye0n2jiZs+TPPyyScnxbZcTXY13+oMmS4adeEd1fbONkyTyPynJyf\nyyHYWUAPgXYFQxBwD5IAOA6FYDsXQBWwUDsWwAAIkoNluBwg7nHy+Ca1IqUGyax2jRPPGTdQSv2I\nKbXETOtYjGKS9mOM0g8HLdkbUCKvnJS2ghLH4q5FMckvJOi5t5HcmRVcvZAoO7ZoWNRVPkjLxX6m\nDFMtuAU2ttv6EpPyVJURlxtyVGUZLHBzl4pNtmqTw4F4eKnLtvo25sfAGvwx6iLeNeM0uPcyNVs+\ngBgAc7lQmgT9xrcTQBQCT6Je4CQBYdgOxIOWFgD3JYoKcqboih8ASnBwbi+UR5JSyOUUmuOyNgRa\nocWSoi1QDASY2At2SukJbBLgB8oCKVklsAw54BAAgYAQH5AB9lAHwDABIUl2OhsConGVbCaFYGiM\niRnjKi6MrIIuJCT6LpNU2Z7tgDQiXQmUIAABgIZUHIWC2YEUDXICAbBcAAQJgAbANOmWJ7qUeUVD\njJoDq6TUp1e0l7l88spXbu/7HIjNp+UToYMkJ4/JuvdFgsim/wAFsJLA1OUqaMeXXRh6ca3MGXNP\nK25NtexdHez/AOonHH44IevuT4Zxc+qzah3lm5fllAjIdjF0Iod0AgYU+tw3r4EOyIBMA4AfIkAV\nuFPgQ2iSpckXEYwbLVGMed2F+VUqJ/aqnLYlrUhOTeyWw44ZVbTLF4JX8FuTVzlDwjtFIzrWMl+O\nyQ/uNoTrf3CMkughyzSCMPJ3IPON/pH5thQ3W0Rpu07IVvyCml8sDRPK5dFT33fRBSlfBLxbdyZF\n0/LaooFGt5Maar0ohKS75Kg0TX3ud6dFORNTl5c2KEnF2jVHNhyb5Y7rtG3NHRJ/d8q9MU2zPkkn\nNte5oy6iPg4Yo+MW/wCplYAhoSBlQLkYuAsAa9hJkkxVsAMGJDAfBHlg22OtrAYCWw+QDsLAAC9h\niAApgr7GmD3dgJCbsJAkBbhgpySbpe5dmwbLwi+f7e4LGseF1vNpN/CFiyqKqbdXf/0RVHD3C9i/\nNguTlH90Z63CAFuAFDaEmFB0Ac8gCABiTGxMigjRIOiorJxmJoQEpTb2DgS3Y2AJByAIBNCJMi0A\ndBYCAkAhgAAABYxUFAMQDKgQcB2KyKknQ5Ov0sjwBQMAABsVi3AIfAWK9yXBFIOAAA/wCAADoA7L\nMeKU2kkTTEEiShZZkxPEt6sgrGriSwu6ewSgouuRxi3vf9xuCX8xFQi3e3BZKXkkvYr8lF0txpyb\nI0nxsLySQbvl0JNJ1QNLwk1fQ6UfkbbfwheUVxuBFxfIbrvck25PghJhDq2Ol7CjIG3+wVNN9bC8\nknuytv3ZPGoy3vcYaflJ7RVEXUed2TfpfwKUVNfIKoDoQzbAXAfIbAuAE9g4ATCDkaBDCkSTEICV\nKrEw4BoIiiRFOmS/cAAQAWuUZY91Ul/crYh2Ah3QWLkCXQcEXsCbCnIFuHQnaYRpxahpeMkml/cl\nnw7KSabfKSMy34L8WW21J0+mRTx5d7ldrgWoxqMfJPdssy414SyJbPj/AMmaUm6tgRBgux8oqFwH\nwH7ggB8AgYcMAAARAAAFB2Jr2AffwAJdCGJgOuxDvahAHANADAi+QJfkiAAFAgAYCAY0JD4ABBYB\nByMQyqQABEMBdAFMBDAVDECAdiChpAAJcgAE8aXZcsnjFqH9TNdbl8JR8eLZmtQ2nLeTbINXsSlK\n6t7exFy6XAUns+ReQ3tXYntuwgX4JW2R8mJyYE5OuWEZJvZbkL3JQTW4VOd1RFJJWwnlvgrbbe4x\nNTeT2INifQMokuUS4lXTK1yWS4iBCSFGTi7RKe7ItbhGiElONBJeH4M6bi7RfjyKaqRMa1mTJURa\nGmaYNq9xIbYnwASBIW7GgAaFewAP2Ci7FpZ5IOS29r7Kmmm09miBAHArKBrsIjW6E0AMBWSsBcAN\nhwAmNLYV9g2ArstxY/uSpMrS2JKTjwFOaUZNLeiPI5PydsAiO6dkk7/Icoi1T2AteSUlTZW3YJpo\nOCAboSQr3LcWP7k1FFEUBdmwpLyhbRSQAMGMBcoTGBQWIBgALkaYgAS5Dge3YCDoO9hgIADlgH+B\nNDfAICLQDaEAAAdgMBLkaAQ909wEA+AYCABgIBgAgJLkT+ABIA3GAMAWwAmHIDfuIOgAGEW09g9x\nWQWN2G7W/BCLp/BbSktgpeSjtyQc2xSTT3EA/J9itgmICcZJPcbnf4KwAkIL3AB0C5oVjWz3Akk2\nwct/gV0ABywYgugBiXwD/JNKK5YWIoNmDtAVkcEXuSZHsB8IBsXLAZo0+BS9eTbHH+5nLJ5pSgof\nyrog2zjPJki8TSguPgyaqSnmk48EI5ZRVJtIgFAuxg+SoFyOqEgbAjJewJkluDj7AAnuCdMLAGJC\n7JLgAY+EJjW7AAJTg4OmRdgHDHViGAqSEyV2RaAEi6EJfbc47JbfJUlZqwyTgrpRi93/APRBHHmb\n9DpLt/BHK/uScoxpL2DJiqPnHgnhnFwcJRfu9wqjkVkp15elUiKAHQB2BUHY+iJJPoBUHew3yDd8\nECoOgCyhDsAASQcDQmAAAIABqwCgIgxtCAAukAANPYQIAAAGAmMSRJIBVuFDAAABMBoAsS3YDGKw\nAABh0AgQD6AROEq2IifIVd4+RXKARk0WJqXJBTx0LgsnCuCPhJq6YCAEn7BuUDBsQwEyRFjW4DbA\nag6JqKcdiCuxWSlGiHAAN+wguyiYmMAhciaY12MCKfQ0JoE62AfIUHAXaCkAxANWgQCsBNjSbEt2\nW4motyfQQnjcYpvayNslKblJuW7ZFhRyJkkKQRFEhL8DATJY5KMk2rXsRDsDRllFw8Y7rq+UUMBA\nOw5AOrAA6FY0wI7pk77DkjdMDVjzOXjGlfCbRHPBQanC0pe5VF7polmyvLLyf4IK27Y/gVdib3KJ\nXYCWwwGKgoL2IBcgwEUPoGAfkBMewA0Ag4AADsAfALfYADcOGDAOUJrsYgEwGxUAAFDSAA6Gg/IB\nQBYXvsAw/IISCgH8A9wToIELsB3uAbADXAAIBhwAgAAHQAFAHA02RDu0RVsZ+/JqxZ8Sg4ZFt0zn\njGGrJz3qK2I88kb7Hz+QGxBdD6ATExoHuA4TrZljXaKaHGTiFi5U1vyVzhW6JWpK1ySUumiKoDgs\nnHtCWKT6LqYVCG3sLoqDgVidkkgg/AmiUoOMqYkwI+XRL8CktxJgTIsYUAkIbEgJJUMXAWAXsAAw\nBhd8gFAJr2BPYYmgGAk/cdAAAwugEJ/A2JbgNbbjQuBoAYOqFyNOgIptOyVqgqwpJADdIilbGxpA\nNRsRqxRxyxpPnj/7KJwcZbp10QRCgCwAATCyhhxsLkd7EAyJJK+xNbFCQDW4dALkKAAAQ2IBggEA\n+wEPoAGxC3AEO9hcD6AABoAAAW7AikAwKBir2GH+QhdBTAOAGL5HYMBAuQYJ+4DQMNrEFMTDkAAA\nBhD2oExIVhUtmP4RFBwQSCgVA2AqJQxSlwmyKe5ojq3FbJUKsShpWt26Fmx+P49xf7t+xCeolOzP\nrVwlNLZmnBkxuNSaXyYXuCLiS4EHYVQktzTBpblicfFqt+iAcAO2+RAAAKqGxoCKTHwhtEWFIkkK\nIwg52ChcEsauaT4bAtw40l9yf6V17kMs/OV0l+CWedyqO0Y7JFRFIYdgVAlbDhgguwE0CY1TE0Ax\nMFsg4QCfsNIS9yQAIdA+QBhyLsaQB2PojW4wE06HVq0LkOAJwl4uzW/DLj8t7WyMS33Jxm4vb+hA\nThKPKIMunl/heF23u2UWUMA8h/IAthdjE0BIOt+SKZJbkCsXI2hMoAsBAG7AOhgIYuwAB9ANAL8g\nxDYAAhoA43FYwAPlBuCewMBdjTF2HYA3vYDoV0AByFgAADAAYB8AgAFyA+wAXY7FQUULgYgiXIqA\nFyFIklYmtxqRBPw22K3tsWxe24Sj5ICoQ2qYmUMBAwGAgAfLHVAvcOQHYkHYcBDQmycIObqPJBgN\nA+BDQCuwasHsxgRWw+QasSdAPoPwNf2EwofO4AAQByAfIA2JLcXLLMai36tqAHjaipe5FFmSfm1S\npJVRWyBkWSsi0UC4GKLp0+BsAuw5APgALMWPzjKT/TFWyur4NeGS8IxTS33X/USjKJsty4vHdO1w\n38lTQAD4AZRFPxZJvtCaQlsA7sT2Ht0RYDW4+AWyDkADsFwAAgBDAVgtxqhXsAByAdAAhgAMKCgA\nVDsASAAfugDcKGmIlfQgFQ0AggG9guxAHyMQ1t+AAQxBQMQ+ghXY+hWPkBAwugAAAAAYLcGRS+BU\nMCgQXQdBXuAAkAbgCfRYnRX+Rr4RFWSipblXBZbi6ZGVAQHQ62GkEQaoaJtbCaC4AE9gKyb4JY4e\ncquvlkQWwVZlUcckscr23ZUF2FWiAQD5DhFQuxtiItgSsGthVRJARuh/INciugGFjW4muAATYPYS\nVsBoe/Q62EAB2AVX7gD+BrjgELvYBMafTAUkBIXAk9qYwJ45eGSMvY2alrLUsVXHekYL3JY8jhK0\nRWhZfLFwrXRDPj8IpVu92OSU4+ePaXaJ4m8jb5lVUwMnAWW5sag14u170UhDG0IaZQiKVskxIBpV\nybVDyxvw8XtUfgxWW4svh+GQQlBq7XDojwbJwWaFp9f3MuSDxy8XygI/4DoF8jKFwgB7hQAAfAAD\nDcOwAOBoXQNgGwdAgQBYAL5ChchyG4whAMVAFgMSYADDlhwABQcjoKQD4ABBdAwYAF7gAQd2MS3A\nA4AOgXwFAIAAABAAAHQVsAck8eRw4SIDIqeScpu5URS7AW4EgIpsaVsgaa5BpylsuRpJEm31sgql\nPYkyNbgjTBgMXAUMdByABwLlibG9kAm9wS7EtyfVBGjHhjLG3zL/AAUSVOgUmlV8isgL3Bqwq9wu\niiKtDrtjfwD2j+QIPdkkhRW40A3yIYkk5VYE8cPN1/clmkpNePCVfklNrHHwi7vloo7IAf4EMoTC\nw4Qr9gBqwT9x8iaAYMSfQwJQk4STRNZXGblGlZV8gQa8U/uxpqN3/YozY/CbriyEW07RpxuM/JyV\n2uwrK2HA8iXk64vYi3ZUO0JoESQEEyT344E1uCdcgWY8rg12kW53FwT5l7lDF2QAB8jStlCB/ABQ\nAKhoQDoKDngLAPcAoQD2CwrYAC7CgQUAhgABywezEMihoVDsRQANUIB2LkBdgNgAAAAHYQAx/kQA\ng7ATYD7G/gSGAmFDQvwFHVAwBgFjFQcAH+AYWHQDuxkCRA2O/wChHodUrCna/cdyltRG9yXn0kRU\naItUTE0aZRTokRarcaAfLDjcKIgP8kW+iT2QluwhpUP4B7AAciGt0AUdCfAxdhDQMB9BUFsyToGr\nZC2mBNoOGAL3AH/kQ2IIEgBhYCkTxQ8pfBXyyak4ppdgOdeT8eCPICoAaBMaFXYDB7ISdEmgFwNN\noXQEA+NyPZJgl7lAAciTAdhJbbCSH0FJOuR8hVi7CGhWMKoAAOgAQwYLcACwBgC2ChEo7gAgoAEt\nht1sJgA+BXYIOwAGN0IAT9wAAAKAGA+BUD52DoA7AL3AAAPgAoCwDgIAAQEmthDEFAAHLAFsGwdA\nAxbhdj5IFYLgBlEeENNgwQE4yrol92LX6UV8BWxA5NOqQ4tJkUhtUFf/2Q==\n', 'Menunggu Konfirmasi', 'Kas Baznas', 1, '2019-01-28 01:50:57', '0');

-- --------------------------------------------------------

--
-- Struktur dari tabel `tb_zis`
--

CREATE TABLE `tb_zis` (
  `id_zis` varchar(34) NOT NULL,
  `nama_zis` varchar(100) NOT NULL,
  `alamat_zis` text NOT NULL,
  `kelurahan_zis` varchar(50) NOT NULL,
  `kecamatan_zis` varchar(50) NOT NULL,
  `qrcode_zis` text NOT NULL,
  `pengurus_zis` int(11) DEFAULT NULL,
  `dibuat_oleh` int(11) DEFAULT NULL,
  `terakhir_diperbarui` timestamp NOT NULL DEFAULT CURRENT_TIMESTAMP ON UPDATE CURRENT_TIMESTAMP
) ENGINE=InnoDB DEFAULT CHARSET=latin1;

--
-- Dumping data untuk tabel `tb_zis`
--

INSERT INTO `tb_zis` (`id_zis`, `nama_zis`, `alamat_zis`, `kelurahan_zis`, `kecamatan_zis`, `qrcode_zis`, `pengurus_zis`, `dibuat_oleh`, `terakhir_diperbarui`) VALUES
('0', 'Baznas', '<p>Badung</p>', 'badung', 'badung', 't13a7696a9ed5ebfaa06f8108c6222b703.png', 2, 1, '2019-01-26 03:43:52'),
('t1b73ba9f511bf2129f82cb2b9438812e2', 'Masjid Attaqwa', '<p>Jl. Sudimoro</p>', 'Sudimoro', 'Sudimoro', 't1b73ba9f511bf2129f82cb2b9438812e2.png', 3, 1, '2019-01-26 03:46:18'),
('t1c61de4524e2a96c7a5a46fbb51f5cb45', 'jkjkj', '<p>kjkjkj</p>', 'kjkjkj', 'kjkj', 't1c61de4524e2a96c7a5a46fbb51f5cb45.png', 3, 1, '2019-02-18 06:45:50');

-- --------------------------------------------------------

--
-- Struktur dari tabel `tm_user`
--

CREATE TABLE `tm_user` (
  `id_user` varchar(20) NOT NULL,
  `nama` varchar(50) NOT NULL,
  `nomor_hp` varchar(15) NOT NULL,
  `email` varchar(30) NOT NULL,
  `foto` text,
  `password` varchar(100) NOT NULL,
  `nama_rek_user` varchar(255) NOT NULL,
  `no_rek_user` varchar(255) NOT NULL,
  `bank_rek_user` varchar(255) NOT NULL,
  `view_password` varchar(100) DEFAULT NULL,
  `admin_level` int(11) DEFAULT NULL,
  `id` int(11) NOT NULL
) ENGINE=InnoDB DEFAULT CHARSET=latin1;

--
-- Dumping data untuk tabel `tm_user`
--

INSERT INTO `tm_user` (`id_user`, `nama`, `nomor_hp`, `email`, `foto`, `password`, `nama_rek_user`, `no_rek_user`, `bank_rek_user`, `view_password`, `admin_level`, `id`) VALUES
('super', 'Super', '', '', NULL, '1b3231655cebb7a1f783eddf27d254ca', '', '', '', 'super', 1, 1),
('baznas', 'baznas', '', '', NULL, '596abd832ae81066c4cf716f6f70243c', '', '', '', 'baznas', 3, 2),
('nirwan', 'Nirwan', '099181889', 'baznas@gmail.com', NULL, '28e47f714c1fcb538a669b971ee6ce46', 'nirwan', '121222199', 'BNI', 'nirwan', 3, 3);

-- --------------------------------------------------------

--
-- Struktur dari tabel `user_type`
--

CREATE TABLE `user_type` (
  `user_type_id` int(11) NOT NULL,
  `user_type_name` varchar(200) NOT NULL,
  `nama` varchar(200) DEFAULT NULL
) ENGINE=InnoDB DEFAULT CHARSET=latin1 ROW_FORMAT=COMPACT;

--
-- Dumping data untuk tabel `user_type`
--

INSERT INTO `user_type` (`user_type_id`, `user_type_name`, `nama`) VALUES
(1, 'Super', ''),
(2, 'Administrator', ''),
(3, 'Pengurus ZIS', '');

-- --------------------------------------------------------

--
-- Stand-in struktur untuk tampilan `v_mutasi`
-- (Lihat di bawah untuk tampilan aktual)
--
CREATE TABLE `v_mutasi` (
`id_zis` varchar(34)
,`nama_zis` varchar(100)
,`kas_masuk` double
,`kas_keluar` double
,`sisa_kas` double
);

-- --------------------------------------------------------

--
-- Struktur untuk view `v_mutasi`
--
DROP TABLE IF EXISTS `v_mutasi`;

CREATE ALGORITHM=UNDEFINED DEFINER=`root`@`localhost` SQL SECURITY DEFINER VIEW `v_mutasi`  AS  select `z`.`id_zis` AS `id_zis`,`z`.`nama_zis` AS `nama_zis`,((coalesce((select sum(`i`.`jumlah_infaq`) from `tb_infaq` `i` where ((`i`.`status_infaq` = 'Valid') and (`i`.`id_zis` = `z`.`id_zis`))),0) + coalesce((select sum(`zm`.`jumlah_maal`) from `tb_zakat_maal` `zm` where ((`zm`.`status_maal` = 'Valid') and (`zm`.`id_zis` = `z`.`id_zis`))),0)) + coalesce((select sum(`zf`.`total_zakat`) from `tb_zakat_fitrah` `zf` where ((`zf`.`status_zakat` = 'Valid') and (`zf`.`id_zis` = `z`.`id_zis`))),0)) AS `kas_masuk`,((coalesce((select sum(`i`.`jumlah_infaq`) from `tb_infaq` `i` where ((`i`.`status_infaq` = 'Valid') and (`i`.`status_uang` = 'Sudah Terdistribusi') and (`i`.`id_zis` = `z`.`id_zis`))),0) + coalesce((select sum(`zm`.`jumlah_maal`) from `tb_zakat_maal` `zm` where ((`zm`.`status_maal` = 'Valid') and (`zm`.`status_uang` = 'Sudah Terdistribusi') and (`zm`.`id_zis` = `z`.`id_zis`))),0)) + coalesce((select sum(`zf`.`total_zakat`) from `tb_zakat_fitrah` `zf` where ((`zf`.`status_zakat` = 'Valid') and (`zf`.`status_uang_zakat` = 'Sudah Terdistribusi') and (`zf`.`id_zis` = `z`.`id_zis`))),0)) AS `kas_keluar`,(((coalesce((select sum(`i`.`jumlah_infaq`) from `tb_infaq` `i` where ((`i`.`status_infaq` = 'Valid') and (`i`.`id_zis` = `z`.`id_zis`))),0) + coalesce((select sum(`zm`.`jumlah_maal`) from `tb_zakat_maal` `zm` where ((`zm`.`status_maal` = 'Valid') and (`zm`.`id_zis` = `z`.`id_zis`))),0)) + coalesce((select sum(`zf`.`total_zakat`) from `tb_zakat_fitrah` `zf` where ((`zf`.`status_zakat` = 'Valid') and (`zf`.`id_zis` = `z`.`id_zis`))),0)) - ((coalesce((select sum(`i`.`jumlah_infaq`) from `tb_infaq` `i` where ((`i`.`status_infaq` = 'Valid') and (`i`.`status_uang` = 'Sudah Terdistribusi') and (`i`.`id_zis` = `z`.`id_zis`))),0) + coalesce((select sum(`zm`.`jumlah_maal`) from `tb_zakat_maal` `zm` where ((`zm`.`status_maal` = 'Valid') and (`zm`.`status_uang` = 'Sudah Terdistribusi') and (`zm`.`id_zis` = `z`.`id_zis`))),0)) + coalesce((select sum(`zf`.`total_zakat`) from `tb_zakat_fitrah` `zf` where ((`zf`.`status_zakat` = 'Valid') and (`zf`.`status_uang_zakat` = 'Sudah Terdistribusi') and (`zf`.`id_zis` = `z`.`id_zis`))),0))) AS `sisa_kas` from `tb_zis` `z` ;

--
-- Indexes for dumped tables
--

--
-- Indeks untuk tabel `mainmenu`
--
ALTER TABLE `mainmenu`
  ADD PRIMARY KEY (`seq`);

--
-- Indeks untuk tabel `submenu`
--
ALTER TABLE `submenu`
  ADD PRIMARY KEY (`id_sub`);

--
-- Indeks untuk tabel `tab_akses_mainmenu`
--
ALTER TABLE `tab_akses_mainmenu`
  ADD PRIMARY KEY (`id`);

--
-- Indeks untuk tabel `tab_akses_submenu`
--
ALTER TABLE `tab_akses_submenu`
  ADD PRIMARY KEY (`id`);

--
-- Indeks untuk tabel `tb_about`
--
ALTER TABLE `tb_about`
  ADD PRIMARY KEY (`id_about`);

--
-- Indeks untuk tabel `tb_infaq`
--
ALTER TABLE `tb_infaq`
  ADD PRIMARY KEY (`id_infaq`),
  ADD KEY `id_zis` (`id_zis`),
  ADD KEY `diperbarui_oleh` (`diperbarui_oleh`);

--
-- Indeks untuk tabel `tb_kasbas`
--
ALTER TABLE `tb_kasbas`
  ADD PRIMARY KEY (`id_kasbas`);

--
-- Indeks untuk tabel `tb_kaskel`
--
ALTER TABLE `tb_kaskel`
  ADD PRIMARY KEY (`id_kaskel`),
  ADD KEY `id_zis` (`id_zis`),
  ADD KEY `dibuat_oleh` (`dibuat_oleh`);

--
-- Indeks untuk tabel `tb_kasmas`
--
ALTER TABLE `tb_kasmas`
  ADD PRIMARY KEY (`id_kasmas`);

--
-- Indeks untuk tabel `tb_setting`
--
ALTER TABLE `tb_setting`
  ADD PRIMARY KEY (`id_setting`);

--
-- Indeks untuk tabel `tm_user`
--
ALTER TABLE `tm_user`
  ADD PRIMARY KEY (`id`);

--
-- Indeks untuk tabel `user_type`
--
ALTER TABLE `user_type`
  ADD PRIMARY KEY (`user_type_id`);

--
-- AUTO_INCREMENT untuk tabel yang dibuang
--

--
-- AUTO_INCREMENT untuk tabel `mainmenu`
--
ALTER TABLE `mainmenu`
  MODIFY `seq` int(11) NOT NULL AUTO_INCREMENT, AUTO_INCREMENT=8;

--
-- AUTO_INCREMENT untuk tabel `submenu`
--
ALTER TABLE `submenu`
  MODIFY `id_sub` int(11) NOT NULL AUTO_INCREMENT, AUTO_INCREMENT=14;

--
-- AUTO_INCREMENT untuk tabel `tab_akses_mainmenu`
--
ALTER TABLE `tab_akses_mainmenu`
  MODIFY `id` int(11) NOT NULL AUTO_INCREMENT, AUTO_INCREMENT=9;

--
-- AUTO_INCREMENT untuk tabel `tb_about`
--
ALTER TABLE `tb_about`
  MODIFY `id_about` int(11) NOT NULL AUTO_INCREMENT, AUTO_INCREMENT=2;

--
-- AUTO_INCREMENT untuk tabel `tb_kasbas`
--
ALTER TABLE `tb_kasbas`
  MODIFY `id_kasbas` bigint(20) NOT NULL AUTO_INCREMENT, AUTO_INCREMENT=8;

--
-- AUTO_INCREMENT untuk tabel `tb_kaskel`
--
ALTER TABLE `tb_kaskel`
  MODIFY `id_kaskel` bigint(20) NOT NULL AUTO_INCREMENT, AUTO_INCREMENT=4;

--
-- AUTO_INCREMENT untuk tabel `tb_kasmas`
--
ALTER TABLE `tb_kasmas`
  MODIFY `id_kasmas` bigint(20) NOT NULL AUTO_INCREMENT, AUTO_INCREMENT=3;

--
-- AUTO_INCREMENT untuk tabel `tb_setting`
--
ALTER TABLE `tb_setting`
  MODIFY `id_setting` bigint(20) NOT NULL AUTO_INCREMENT, AUTO_INCREMENT=2;

--
-- AUTO_INCREMENT untuk tabel `tm_user`
--
ALTER TABLE `tm_user`
  MODIFY `id` int(11) NOT NULL AUTO_INCREMENT, AUTO_INCREMENT=4;

--
-- AUTO_INCREMENT untuk tabel `user_type`
--
ALTER TABLE `user_type`
  MODIFY `user_type_id` int(11) NOT NULL AUTO_INCREMENT, AUTO_INCREMENT=4;
COMMIT;

/*!40101 SET CHARACTER_SET_CLIENT=@OLD_CHARACTER_SET_CLIENT */;
/*!40101 SET CHARACTER_SET_RESULTS=@OLD_CHARACTER_SET_RESULTS */;
/*!40101 SET COLLATION_CONNECTION=@OLD_COLLATION_CONNECTION */;
